Rank,,,,,,,,,,,,,,,
,keyId,serialNumber,name,description,,,,,,,,,,,
,rb001,1,Huin Tti,White Belt,,,,,,,,,,,
,rb002,2,Huin Tti,Yellow Stripe,,,,,,,,,,,
,rb003,3,Norang Tti,Yellow Belt,,,,,,,,,,,
,rb004,4,Norang Tti,Blue Stripe,,,,,,,,,,,
,rb005,5,Cheong Tti,Blue Belt,,,,,,,,,,,
,rb006,6,Cheong Tti,Red Stripe,,,,,,,,,,,
,rb007,7,Hong Tti,Red Belt,,,,,,,,,,,
,rb008,8,Hong Tti,Brown Stripe,,,,,,,,,,,
,rb009,9,Ja Tti,Brown Belt,,,,,,,,,,,
,rb010,10,Ja Tti,1 Black Stripe,,,,,,,,,,,
,rb011,11,Dahnbo Nim,2 Black Stripes,,,,,,,,,,,
,rb012,12,Dahnbo Nim,3 Black Stripes,,,,,,,,,,,
,rb013,13,Dahnbo Nim,4 Black Stripes,,,,,,,,,,,
,rb014,14,Dahnbo Nim,5 Black Stripes,,,,,,,,,,,
,rb015,15,Dahnbo Nim,6 Black Stripes,,,,,,,,,,,
,rb016,16,Jyo Kyo Nim,Black Belt,,,,,,,,,,,
,rb017,17,Kyo So Nim,Black Belt,,,,,,,,,,,
,rb018,18,Pu Sah Bum Nim,Black Belt,,,,,,,,,,,
,rb019,19,Sah Bum Nim,Black Belt,,,,,,,,,,,
,rb020,20,Pyung Kwahn Jahng Nim,Black Belt,,,,,,,,,,,
,rb021,21,Joo Im Kwahn Jahng Nim,Black Belt,,,,,,,,,,,
,rb022,22,Ji Doh Kwahn Jahng Nim,Black Belt,,,,,,,,,,,
,rb023,23,Suhn Im Kwahn Jahng Nim,Black Belt,,,,,,,,,,,
,rb024,24,Suhk Kwahn Jahng Nim,Black Belt,,,,,,,,,,,
,rb025,25,Sahng Kwahn Jahng Nim,Black Belt,,,,,,,,,,,
,rb026,26,Hwoe Jahng Nim,Black Belt,,,,,,,,,,,
,,,,,,,,,,,,,,,
skillCatagory,,,,,,,,,,,,,,,
,keyId,serialNumber,name,description,quantity,,,,,,,,,,
,sc001,1,Standards,Etiquette in Kuk Sool Won,4,,,,,,,,,,
,sc002,2,Dahn Juhn Ki Bub,Ki Breathing excercises,12,,,,,,,,,,
,sc003,3,Ki Cho Jah Ki,Wringing Out Exercise,6,,,,,,,,,,
,sc004,4,Mohm Puhl Ki,Body Conditioning Excercises,33,,,,,,,,,,
,sc005,5,Jah Se,Stance,8,,,,,,,,,,
,sc006,6,Soo Ki,Open Hand Strikes,54,,,,,,,,,,
,sc007,7,Johk Sool,Leg Strikes,21,,,,,,,,,,
,sc008,8,Nak Bub,Escape/Fall,14,,,,,,,,,,
,sc009,9,Terminology,Basic Korean ,9,,,,,,,,,,
,sc010,10,Foundations,Principles & History of Kuk Sool Won,9,,,,,,,,,,
,sc011,11,Hyung,Form,6,,,,,,,,,,
,sc012,12,Soo,Technique,18,,,,,,,,,,
,,,,,,,,,,,,,,,
SKILL,,,,,,,,,,,,,,,
,keyId,serialNumber,name,skillCatagoryId,description,12under,13up,,,,,,,,
,sk0001,1,Forward/Back Stretch,c005,Forward/Back Stretch,rb001,rb001,,,,,,,,
,sk0002,2,Look Up/Down,c005,Look Up/Down,rb001,rb001,,,,,,,,
,sk0003,3,Look Side/Side,c005,Look Side/Side,rb001,rb001,,,,,,,,
,sk0004,4,Rotate Head,c005,Rotate Head,rb001,rb001,,,,,,,,
,sk0005,5,Rotate Arms,c005,Rotate Arms,rb001,rb001,,,,,,,,
,sk0006,6,Rotate Hips,c005,Rotate Hips,rb001,rb001,,,,,,,,
,sk0007,7,Knee Bends,c005,Knee Bends,rb001,rb001,,,,,,,,
,sk0008,8,Rotate Knees,c005,Rotate Knees,rb001,rb001,,,,,,,,
,sk0009,9,Stretch Over knees,c005,Stretch Over knees,rb001,rb001,,,,,,,,
,sk0010,10,1Long Stretch,c005,1Long Stretch,rb001,rb001,,,,,,,,
,sk0011,11,Grab Toes,c005,Grab Toes,rb001,rb001,,,,,,,,
,sk0012,12,Ankle Circles,c005,Ankle Circles,rb001,rb001,,,,,,,,
,sk0013,13,Knee Extensions,c005,Knee Extensions,rb001,rb001,,,,,,,,
,sk0014,14,Bent Leg Stretch,c005,Bent Leg Stretch,rb001,rb001,,,,,,,,
,sk0015,15,Bent Leg Long Stretch,c005,Bent Leg Long Stretch,rb001,rb001,,,,,,,,
,sk0016,16,Straddle Stretch,c005,Straddle Stretch,rb001,rb001,,,,,,,,
,sk0017,17,Rowing Motion,c005,Rowing Motion,rb001,rb001,,,,,,,,
,sk0018,18,Forward Straddle Stretch,c005,Forward Straddle Stretch,rb001,rb001,,,,,,,,
,sk0019,19,Butterfly Bounce,c005,Butterfly Bounce,rb001,rb001,,,,,,,,
,sk0020,20,Butterfly Knees,c005,Butterfly Knees,rb001,rb001,,,,,,,,
,sk0021,21,Finger Stretch,c005,Finger Stretch,rb001,rb001,,,,,,,,
,sk0022,22,Wrist Twist,c005,Wrist Twist,rb001,rb001,,,,,,,,
,sk0023,23,Roll Back,c005,Roll Back,rb001,rb001,,,,,,,,
,sk0024,24,Shoulder Stand,c005,Shoulder Stand,rb001,rb001,,,,,,,,
,sk0025,25,Bicycle Kick,c005,Bicycle Kick,rb001,rb001,,,,,,,,
,sk0026,26,Back Arch,c005,Back Arch,rb001,rb001,,,,,,,,
,sk0027,27,Hip Raise,c005,Hip Raise,rb001,rb001,,,,,,,,
,sk0028,28,2Hip Raise with Support,c005,2Hip Raise with Support,rb001,rb001,,,,,,,,
,sk0029,29,Full Bridge,c005,Full Bridge,rb001,rb001,,,,,,,,
,sk0030,30,Raise Head/Shoulders,c005,Raise Head/Shoulders,rb001,rb001,,,,,,,,
,sk0031,31,Raise Leg/Feet,c005,Raise Leg/Feet,rb001,rb001,,,,,,,,
,sk0032,32,Raise head and Feet,c005,Raise head and Feet,rb001,rb001,,,,,,,,
,sk0033,33,Grab Ankles,c005,Grab Ankles,rb001,rb001,,,,,,,,
,sk0034,34,Back Stretch,c005,Back Stretch,rb001,rb001,,,,,,,,
,sk0035,1,Ahp Nak Bub,c006,1 Front Fall,rb001,rb001,,,,,,,,
,sk0036,2,Dee Nak Bub,c006,2 Back Fall,rb001,rb001,,,,,,,,
,sk0037,3,Yuhp Nak Bub,c006,3 Side Fall,rb001,rb001,,,,,,,,
,sk0038,4,Ahp Yuhp Nak Bub,c006,4 Front Side Fall,rb001,rb001,,,,,,,,
,sk0039,5,Hweh Juhn ,c006,5 Rolling Fall,rb001,rb001,,,,,,,,
,sk0040,6,Goh Yahng Ee Nak Bub,c006,6 Cat Roll,rb001,rb001,,,,,,,,
,sk0041,7,Doo Sohn Poong Cha,c006,7 Cart Wheel,rb001,rb001,,,,,,,,
,sk0042,8,Hahn Sohn Poong Cha,c006,8 One Hand Cart-wheel,rb001,rb001,,,,,,,,
,sk0043,9,Gong Joong Hweh Juhn Nak Bub,c006,9 High Roll Fall,rb001,rb001,,,,,,,,
,sk0044,10,Gong Joong Ahp Nak Bub,c006,10 High Front Fall,rb001,rb001,,,,,,,,
,sk0045,11,Pahl Kum Chi Poong Cha,c006,11 Elbow Cart-wheel,rb001,rb001,,,,,,,,
,sk0046,12,Gong Joong Dee Nak Bub,c006,12 High Back Fall,rb001,rb001,,,,,,,,
,sk0047,13,Gon Joong Poong Cha,c006,13 Aerial (No Hand),rb001,rb001,,,,,,,,
,sk0048,14,Gong Joong Hweh Juhn Nak Bub,c006,14 High Roll Fall,rb001,rb001,,,,,,,,
,sk0049,15,Doo Sohn Aho Poong Cha,c006,15 Hand Spring,rb001,rb001,,,,,,,,
,sk0050,16,Ahp Gong Joong Hweh Juhn Nak Bub,c006,16 Front Flip,rb001,rb001,,,,,,,,
,sk0051,1,Ki Cho Hyung,c009,Fundamental Form Part 1,rb001,rb001,,,,,,,,
,sk0052,2,Ki Cho Hyung,c009,Fundamental Form Part 2,rb001,rb001,,,,,,,,
,sk0053,3,Ki Cho Hyung,c009,Fundamental Form Part 3,rb001,rb001,,,,,,,,
,sk0054,4,Ki Cho Hyung,c009,Fundamental Form Part 4,rb001,rb001,,,,,,,,
,sk0055,5,Ki Cho Hyung,c009,Fundamental Form Part 5,rb001,rb001,,,,,,,,
,sk0056,6,Ki Cho Hyung,c009,Fundamental Form Part 6,rb001,rb001,,,,,,,,
,sk0057,1,Cho Geup Hyung ,c009,Elementary Level Form Part 1,rb001,rb001,,,,,,,,
,sk0058,2,Cho Geup Hyung,c009,Elementary Level Form Part 2,rb001,rb001,,,,,,,,
,sk0059,1,Joong Geup Hyung,c009,Intermediate Level form part 1,rb001,rb001,,,,,,,,
,sk0060,2,Joong Geup Hyung,c009,Intermediate Level form part 2,rb001,rb001,,,,,,,,
,sk0061,1,Goh Geup Hyung,c009,Advanced Level form part 1,rb001,rb001,,,,,,,,
,sk0062,2,Goh Geup Hyung,c009,Advanced Level form part 2,rb001,rb001,,,,,,,,
,sk0063,1,Dae Geup Hyung,c009,Advanced Level form part 1,rb001,rb001,,,,,,,,
,sk0064,1,Joong Geup Sohn Mok Soo,c009,Intermediate Defense Against Wrist Grab,rb001,rb001,,,,,,,,
,sk0065,2,Joong Geup Sohn Mok Soo,c009,Intermediate Defense Against Wrist Grab,rb001,rb001,,,,,,,,
,sk0066,3,Joong Geup Sohn Mok Soo,c009,Intermediate Defense Against Wrist Grab,rb001,rb001,,,,,,,,
,sk0067,4,Joong Geup Sohn Mok Soo,c009,Intermediate Defense Against Wrist Grab,rb001,rb001,,,,,,,,
,sk0068,5,Joong Geup Sohn Mok Soo,c009,Intermediate Defense Against Wrist Grab,rb001,rb001,,,,,,,,
,sk0069,6,Joong Geup Sohn Mok Soo,c009,Intermediate Defense Against Wrist Grab,rb001,rb001,,,,,,,,
,sk0070,7,Joong Geup Sohn Mok Soo,c009,Intermediate Defense Against Wrist Grab,rb001,rb001,,,,,,,,
,sk0071,8,Joong Geup Sohn Mok Soo,c009,Intermediate Defense Against Wrist Grab,rb001,rb001,,,,,,,,
,sk0072,9,Joong Geup Sohn Mok Soo,c009,Intermediate Defense Against Wrist Grab,rb001,rb001,,,,,,,,
,sk0073,10,Joong Geup Sohn Mok Soo,c009,Intermediate Defense Against Wrist Grab,rb001,rb001,,,,,,,,
,sk0074,11,Joong Geup Sohn Mok Soo,c009,Intermediate Defense Against Wrist Grab,rb001,rb001,,,,,,,,
,sk0075,12,Joong Geup Sohn Mok Soo,c009,Intermediate Defense Against Wrist Grab,rb001,rb001,,,,,,,,
,sk0076,13,Joong Geup Sohn Mok Soo,c009,Intermediate Defense Against Wrist Grab,rb001,rb001,,,,,,,,
,sk0077,14,Joong Geup Sohn Mok Soo,c009,Intermediate Defense Against Wrist Grab,rb001,rb001,,,,,,,,
,sk0078,15,Joong Geup Sohn Mok Soo,c009,Intermediate Defense Against Wrist Grab,rb001,rb001,,,,,,,,
,sk0079,1,Guhm Moo Hyung,c009,Sword Form Part 1,rb001,rb001,,,,,,,,
,sk0080,2,Guhm Moo Hyung,c009,Sword Form Part 2,rb001,rb001,,,,,,,,
,sk0081,1,Ki Cho Jah Ki,c003,Winging out: Technique : Horse Stance,rb001,rb001,,,,,,,,
,sk0082,2,Ki Cho Jah Ki,c003,Winging out: Crossed Arms,rb001,rb001,,,,,,,,
,sk0083,3,Ki Cho Jah Ki,c003,Winging out: iron Cross,rb001,rb001,,,,,,,,
,sk0084,4,Ki Cho Jah Ki,c003,Winging out: Squat,rb001,rb001,,,,,,,,
,sk0085,5,Ki Cho Jah Ki,c003,Winging out: Arm thrust,rb001,rb001,,,,,,,,
,sk0086,6,Ki Cho Jah Ki,c003,Winging out: Side,rb001,rb001,,,,,,,,
,sk0087,1,Dahn Juhn Ki Bub,c002,Breating Excercises,rb001,rb001,,,,,,,,
,sk0088,2,Dahn Juhn Ki Bub,c002,Breating Excercises,rb001,rb001,,,,,,,,
,sk0089,3,Dahn Juhn Ki Bub,c002,Breating Excercises,rb001,rb001,,,,,,,,
,sk0090,4,Dahn Juhn Ki Bub,c002,Breating Excercises,rb001,rb001,,,,,,,,
,sk0091,5,Dahn Juhn Ki Bub,c002,Breating Excercises,rb001,rb001,,,,,,,,
,sk0092,6,Dahn Juhn Ki Bub,c002,Breating Excercises,rb001,rb001,,,,,,,,
,sk0093,7,Dahn Juhn Ki Bub,c002,Breating Excercises,rb001,rb001,,,,,,,,
,sk0094,8,Dahn Juhn Ki Bub,c002,Breating Excercises,rb001,rb001,,,,,,,,
,sk0095,9,Dahn Juhn Ki Bub,c002,Breating Excercises,rb001,rb001,,,,,,,,
,sk0096,10,Dahn Juhn Ki Bub,c002,Breating Excercises,rb001,rb001,,,,,,,,
,sk0097,11,Dahn Juhn Ki Bub,c002,Breating Excercises,rb001,rb001,,,,,,,,
,sk0098,12,Dahn Juhn Ki Bub,c002,Breating Excercises,rb001,rb001,,,,,,,,
,sk0099,1,Cha Ryuht,c005,Attention,rb001,rb001,,,,,,,,
,sk0100,2,Kong Kyuk Jah Se,c005,Left Fighting Stance,rb001,rb001,,,,,,,,
,sk0101,3,Bahng Uh Jah Se,c005,Right Fighting Stance,rb001,rb001,,,,,,,,
,sk0102,4,Ki Mah Jah Se,c005,Horse Stance,rb001,rb001,,,,,,,,
,sk0103,5,Juhn Guhl Jah se,c005,Front Stance,rb001,rb001,,,,,,,,
,sk0104,6,Crane  Stance,c005,Front Stance,rb001,rb001,,,,,,,,
,sk0105,7,Dragon Stance,c005,Dragon Stance,rb001,rb001,,,,,,,,
,sk0106,8,Cat Stance,c005,Cat Stance,rb001,rb001,,,,,,,,
,sk0107,1,Do Jahng Etiquette,c001,Customs/Courtesies,rb001,rb001,,,,,,,,
,sk0108,2,Bowing,c001,Types/occasions involving bowing,rb001,rb001,,,,,,,,
,sk0109,3,Uniforms,c001,Proper way to wear the uniform,rb001,rb001,,,,,,,,
,sk0110,4,Hwarang Do Sesok O-Gye,c001,Code Of Ethics,rb001,rb001,,,,,,,,
,sk0111,5,Kuk Sool Won Creed,c001,Student Oath,rb001,rb001,,,,,,,,
,sk0112,6,Handling Weapons,c001,Handling Weapons,rb001,rb001,,,,,,,,
,sk0113,7,Sparring,c001,Sparring,rb001,rb001,,,,,,,,
,sk0114,8,Stances,c001,Foundations of  a Mmatial Arts Stance,rb001,rb001,,,,,,,,
,sk0115,9,Teaching Others,c001,Teaching Others,rb001,rb001,,,,,,,,
,sk0116,1,Ki Bohn Soo,c013,Fundamental Technique,rb001,rb001,,,,,,,,
,sk0117,2,Ki Bohn Soo,c013,Fundamental Technique,rb001,rb001,,,,,,,,
,sk0118,3,Ki Bohn Soo,c013,Fundamental Technique,rb001,rb001,,,,,,,,
,sk0119,4,Ki Bohn Soo,c013,Fundamental Technique,rb001,rb001,,,,,,,,
,sk0120,5,Ki Bohn Soo,c013,Fundamental Technique,rb001,rb001,,,,,,,,
,sk0121,1,Johk Sool,c007,Straight Leg Kick,rb001,rb001,,,,,,,,
,sk0122,2,Johk Sool,c007,Front Kick,rb001,rb001,,,,,,,,
,sk0123,3,Johk Sool,c007,Inside Kick,rb001,rb001,,,,,,,,
,sk0124,4,Johk Sool,c007,Side Kick,rb001,rb001,,,,,,,,
,sk0125,1,Soo Ki,c013,Inside Block,rb001,rb001,,,,,,,,
,sk0126,2,Soo Ki,c013,High Low Cover,rb001,rb001,,,,,,,,
,sk0127,3,Soo Ki,c013,High Low Middle Block,rb001,rb001,,,,,,,,
,sk0128,4,Soo Ki,c013,Up Cover,rb001,rb001,,,,,,,,
,sk0129,5,Soo Ki,c013,Cross Block (X-Cover),rb001,rb001,,,,,,,,
,sk0130,6,Soo Ki,c013,Straight Punch,rb001,rb001,,,,,,,,
,sk0131,7,Soo Ki,c013,Palm Strike,rb001,rb001,,,,,,,,
,sk0132,8,Soo Ki,c013,Ridge Hand Strike,rb001,rb001,,,,,,,,
,sk0133,9,Soo Ki,c013,Spear Hand Chop,rb001,rb001,,,,,,,,
,sk0134,10,Soo Ki,c013,Elbow Strike,rb001,rb001,,,,,,,,
,sk0135,11,Soo Ki,c013,Circle Knife Hand,rb001,rb001,,,,,,,,
,sk0136,1,Sohnh Ppae Ki,c013,Thumb Up: Rotate up and out.,rb001,rb001,,,,,,,,
,sk0137,2,Sohnh Ppae Ki,c013,Thumb Left; Rotate Left Horizontally and out,rb001,rb001,,,,,,,,
,sk0138,3,Sohnh Ppae Ki,c013,"Thumb Down; Rotate forward, down, and out",rb001,rb001,,,,,,,,
,sk0139,4,Sohnh Ppae Ki,c013,"Thumb Right, Palm Up Shoot Out 45 degree",rb001,rb001,,,,,,,,
,sk0140,5,Sohnh Ppae Ki,c013,"Rotate Clockwise, Knife Edge Left",rb001,rb001,,,,,,,,
,sk0141,6,Ki Bohn Soo,c013,Fundamental Technique,rb001,rb001,,,,,,,,
,sk0142,7,Ki Bohn Soo,c013,Fundamental Technique,rb001,rb001,,,,,,,,
,sk0143,8,Ki Bohn Soo,c013,Fundamental Technique,rb001,rb001,,,,,,,,
,sk0144,9,Ki Bohn Soo,c013,Fundamental Technique,rb001,rb001,,,,,,,,
,sk0145,10,Ki Bohn Soo,c013,Fundamental Technique,rb001,rb001,,,,,,,,
,sk0146,11,Ki Bohn Soo,c013,Fundamental Technique,rb001,rb001,,,,,,,,
,sk0147,12,Ki Bohn Soo,c013,Fundamental Technique,rb001,rb001,,,,,,,,
,sk0148,13,Ki Bohn Soo,c013,Fundamental Technique,rb001,rb001,,,,,,,,
,sk0149,14,Ki Bohn Soo,c013,Fundamental Technique,rb001,rb001,,,,,,,,
,sk0150,15,Ki Bohn Soo,c013,Fundamental Technique,rb001,rb001,,,,,,,,
,sk0151,5,Johk Sool,c007,Side Kick,rb001,rb001,,,,,,,,
,sk0152,6,Johk Sool,c007,Knee Kick,rb001,rb001,,,,,,,,
,sk0153,7,Johk Sool,c007,Round Kick,rb001,rb001,,,,,,,,
,sk0154,8,Johk Sool,c007,Outside Kick,rb001,rb001,,,,,,,,
,sk0155,12,Soo Ki,c013,Four Winds Block,rb001,rb001,,,,,,,,
,sk0156,12,Soo Ki,c013,Double High Knife Block,rb001,rb001,,,,,,,,
,sk0157,12,Soo Ki,c013,One Two Punch,rb001,rb001,,,,,,,,
,sk0158,12,Soo Ki,c013,Circle Back Fist,rb001,rb001,,,,,,,,
,sk0159,12,Soo Ki,c013,Vertical Spear Hand Strike,rb001,rb001,,,,,,,,
,sk0160,12,Soo Ki,c013,Double Knife Chop,rb001,rb001,,,,,,,,
,sk0161,12,Soo Ki,c013,Parallel-Double Palm Strike,rb001,rb001,,,,,,,,
,sk0162,1,Sohn Mohk Soo ,c013,Fundamental Technique,rb001,rb001,,,,,,,,
,sk0163,2,Sohn Mohk Soo ,c013,Fundamental Technique,rb001,rb001,,,,,,,,
,sk0164,3,Sohn Mohk Soo ,c013,Fundamental Technique,rb001,rb001,,,,,,,,
,sk0165,4,Sohn Mohk Soo ,c013,Fundamental Technique,rb001,rb001,,,,,,,,
,sk0166,5,Sohn Mohk Soo ,c013,Fundamental Technique,rb001,rb001,,,,,,,,
,sk0167,6,Sohn Mohk Soo ,c013,Fundamental Technique,rb001,rb001,,,,,,,,
,sk0168,19,Soo Ki,c013,Hand Techniques,rb001,rb001,,,,,,,,
,sk0169,20,Soo Ki,c013,Hand Techniques,rb001,rb001,,,,,,,,
,sk0170,21,Soo Ki,c013,Hand Techniques,rb001,rb001,,,,,,,,
,sk0171,22,Soo Ki,c013,Hand Techniques,rb001,rb001,,,,,,,,
,sk0172,23,Soo Ki,c013,Hand Techniques,rb001,rb001,,,,,,,,
,sk0173,24,Soo Ki,c013,Hand Techniques,rb001,rb001,,,,,,,,
,sk0174,25,Soo Ki,c013,Hand Techniques,rb001,rb001,,,,,,,,
,sk0175,26,Soo Ki,c013,Hand Techniques,rb001,rb001,,,,,,,,
,sk0176,27,Soo Ki,c013,Hand Techniques,rb001,rb001,,,,,,,,
,sk0177,28,Soo Ki,c013,Hand Techniques,rb001,rb001,,,,,,,,
,sk0178,29,Soo Ki,c013,Hand Techniques,rb001,rb001,,,,,,,,
,sk0179,9,Johk Sool,c013,Axe Kick,rb001,rb001,,,,,,,,
,sk0180,30,Soo Ki,c013,One two Spin Chop,rb001,rb001,,,,,,,,
,sk0181,31,Soo Ki,c013,Tiger's Mouth,rb001,rb001,,,,,,,,
,sk0182,32,Soo Ki,c013,Tiger's Claw,rb001,rb001,,,,,,,,
,sk0183,1,Eue Bohk Soo,c013,Fundamental Technique,rb001,rb001,,,,,,,,
,sk0184,2,Eue Bohk Soo,c013,Fundamental Technique,rb001,rb001,,,,,,,,
,sk0185,3,Eue Bohk Soo,c013,Fundamental Technique,rb001,rb001,,,,,,,,
,sk0186,4,Eue Bohk Soo,c013,Fundamental Technique,rb001,rb001,,,,,,,,
,sk0187,5,Eue Bohk Soo,c013,Fundamental Technique,rb001,rb001,,,,,,,,
,sk0188,6,Eue Bohk Soo,c013,Fundamental Technique,rb001,rb001,,,,,,,,
,sk0189,10,Johk Sool ,c007,High Spin Kick,rb001,rb001,,,,,,,,
,sk0190,11,Johk Sool ,c007,Jump Front Kick,rb001,rb001,,,,,,,,
,sk0191,33,Soo Ki,c013,Praying Mantis Block,rb001,rb001,,,,,,,,
,sk0192,34,Soo Ki,c013,Triple Punch,rb001,rb001,,,,,,,,
,sk0193,35,Soo Ki,c013,Little Finger hammer Fist,rb001,rb001,,,,,,,,
,sk0194,36,Soo Ki,c013,One Finger Fist,rb001,rb001,,,,,,,,
,sk0195,7,Eue Bohk Soo,c013,Fundamental Technique,rb001,rb001,,,,,,,,
,sk0196,8,Eue Bohk Soo,c013,Fundamental Technique,rb001,rb001,,,,,,,,
,sk0197,9,Eue Bohk Soo,c013,Fundamental Technique,rb001,rb001,,,,,,,,
,sk0198,10,Eue Bohk Soo,c013,Over-Belt Burn,rb001,rb001,,,,,,,,
,sk0199,11,Eue Bohk Soo,c013,Over-Belt Chop,rb001,rb001,,,,,,,,
,sk0200,12,Eue Bohk Soo,c013,Yuhl-Gyuhl Takedown,rb001,rb001,,,,,,,,
,sk0201,13,Eue Bohk Soo,c013,Choon BooTakedown,rb001,rb001,,,,,,,,
,sk0202,12,Johk Sool,c007,Jump Side Kick,rb001,rb001,,,,,,,,
,sk0203,13,Johk Sool,c007,Jump Round Kick,rb001,rb001,,,,,,,,
,sk0204,37,Soo Ki,c013,Thumb Strike,rb001,rb001,,,,,,,,
,sk0205,38,Soo Ki,c013,One Finger Poke,rb001,rb001,,,,,,,,
,sk0206,39,Soo Ki,c013,Two Finger Poke,rb001,rb001,,,,,,,,
,sk0207,40,Soo Ki,c013,Five Finger Strike,rb001,rb001,,,,,,,,
,sk0208,1,An Sohn Mok Soo,c013,Fingers,rb001,rb001,,,,,,,,
,sk0209,2,An Sohn Mok Soo,c013,Elbow Drop,rb001,rb001,,,,,,,,
,sk0210,3,An Sohn Mok Soo,c013,Backstreet,rb001,rb001,,,,,,,,
,sk0211,4,An Sohn Mok Soo,c013,Elbow Chop,rb001,rb001,,,,,,,,
,sk0212,5,An Sohn Mok Soo,c013,Hyperfoot,rb001,rb001,,,,,,,,
,sk0213,6,An Sohn Mok Soo,c013,Indian Burm,rb001,rb001,,,,,,,,
,sk0214,14,Johk Sool 14,c013,Back Kick,rb001,rb001,,,,,,,,
,sk0215,15,Johk Sool 15,c013,Hook Kick,rb001,rb001,,,,,,,,
,sk0216,1,Maek Chi Ki,c013,Yuhl Gyuhl,rb001,rb001,,,,,,,,
,sk0217,2,Maek Chi Ki,c013,Soo Sahm,rb001,rb001,,,,,,,,
,sk0218,3,Maek Chi Ki,c013,Chuhn Boo,rb001,rb001,,,,,,,,
,sk0219,4,Maek Chi Ki,c013,Geuk Chuhn,rb001,rb001,,,,,,,,
,sk0220,5,Maek Chi Ki,c013,Hohn Soo,rb001,rb001,,,,,,,,
,sk0221,6,Maek Chi Ki,c013,Gaek Joo In,rb001,rb001,,,,,,,,
,sk0222,7,Maek Chi Ki,c013,Hahn Soo,rb001,rb001,,,,,,,,
,sk0223,8,Maek Chi Ki,c013,Dae Po,rb001,rb001,,,,,,,,
,sk0224,9,Maek Chi Ki,c013,UmKyo,rb001,rb001,,,,,,,,
,sk0225,10,Maek Chi Ki,c013,Goo Mi,rb001,rb001,,,,,,,,
,sk0226,11,Maek Chi Ki,c013,Yuhm Chuhn,rb001,rb001,,,,,,,,
,sk0227,12,Maek Chi Ki,c013,Jahng Moon,rb001,rb001,,,,,,,,
,sk0228,13,Maek Chi Ki,c013,Ah Moon,rb001,rb001,,,,,,,,
,sk0229,14,Maek Chi Ki,c013,Shin Juhng,rb001,rb001,,,,,,,,
,sk0230,15,Maek Chi Ki,c013,Yoo Geun,rb001,rb001,,,,,,,,
,sk0231,16,Johk Sool,c007,Inverted Stomp Kick,rb001,rb001,,,,,,,,
,sk0232,17,Johk Sool,c007,Inverted Round Kick,rb001,rb001,,,,,,,,
,sk0233,18,Johk Sool,c007,Inverted Side kick,rb001,rb001,,,,,,,,
,sk0234,41,Soo Ki,c013,V-Double Palm Strike,rb001,rb001,,,,,,,,
,sk0235,1,Maek Cha Ki,c013,Sam Um Kyo,rb001,rb001,,,,,,,,
,sk0236,2,Maek Cha Ki,c013,Dohk Bi,rb001,rb001,,,,,,,,
,sk0237,3,Maek Cha Ki,c013,Wee Joong,rb001,rb001,,,,,,,,
,sk0238,4,Maek Cha Ki,c013,Hyul Hae,rb001,rb001,,,,,,,,
,sk0239,5,Maek Cha Ki,c013,Jahng Moon,rb001,rb001,,,,,,,,
,sk0240,6,Maek Cha Ki,c013,Geuk Chuhn,rb001,rb001,,,,,,,,
,sk0241,7,Maek Cha Ki,c013,Ki Hae,rb001,rb001,,,,,,,,
,sk0242,8,Maek Cha Ki,c013,Goo Mi,rb001,rb001,,,,,,,,
,sk0243,9,Maek Cha Ki,c013,Yuhm Chuhn,rb001,rb001,,,,,,,,
,sk0244,10,Maek Cha Ki,c013,Hohn Soo,rb001,rb001,,,,,,,,
,sk0245,11,Maek Cha Ki,c013,You Geun,rb001,rb001,,,,,,,,
,sk0246,12,Maek Cha Ki,c013,Ah Moon,rb001,rb001,,,,,,,,
,sk0247,13,Maek Cha Ki,c013,Gaek Joo,rb001,rb001,,,,,,,,
,sk0248,14,Maek Cha Ki,c013,Dae Choo,rb001,rb001,,,,,,,,
,sk0249,15,Maek Cha Ki,c013,Yahng Neung Chung,rb001,rb001,,,,,,,,
,sk0250,1,Joo Muhk Maga Ki Bon Soo,c013,Throw Right,rb001,rb001,,,,,,,,
,sk0251,2,Joo Muhk Maga Ki Bon Soo,c013,Throw Left,rb001,rb001,,,,,,,,
,sk0252,3,Joo Muhk Maga Ki Bon Soo,c013,Elbow Throw,rb001,rb001,,,,,,,,
,sk0253,4,Joo Muhk Maga Ki Bon Soo,c013,Cross Block Up,rb001,rb001,,,,,,,,
,sk0254,5,Joo Muhk Maga Ki Bon Soo,c013,Cross Block down,rb001,rb001,,,,,,,,
,sk0255,6,Joo Muhk Maga Ki Bon Soo,c013,Circle Block Chop,rb001,rb001,,,,,,,,
,sk0256,7,Joo Muhk Maga Ki Bon Soo,c013,Cover down Left,rb001,rb001,,,,,,,,
,sk0257,8,Joo Muhk Maga Ki Bon Soo,c013,Knife Attack,rb001,rb001,,,,,,,,
,sk0258,9,Joo Muhk Maga Ki Bon Soo,c013,Hook Knee,rb001,rb001,,,,,,,,
,sk0259,10,Joo Muhk Maga Ki Bon Soo,c013,Temple Thro,rb001,rb001,,,,,,,,
,sk0260,11,Joo Muhk Maga Ki Bon Soo,c013,Chin Throw,rb001,rb001,,,,,,,,
,sk0261,12,Joo Muhk Maga Ki Bon Soo,c013,Throat,rb001,rb001,,,,,,,,
,sk0262,13,Joo Muhk Maga Ki Bon Soo,c013,Kneel,rb001,rb001,,,,,,,,
,sk0263,14,Joo Muhk Maga Ki Bon Soo,c013,Low High,rb001,rb001,,,,,,,,
,sk0264,15,Joo Muhk Maga Ki Bon Soo,c013,High Low,rb001,rb001,,,,,,,,
,sk0265,19,Johk Sool,c007,Jump Spin Side Kick,rb001,rb001,,,,,,,,
,sk0266,20,Johk Sool,c007,Jump Spin Kick,rb001,rb001,,,,,,,,
,sk0267,21,Johk Sool,c007,R-Jump Round Kick,rb001,rb001,,,,,,,,
,sk0268,22,Johk Sool,c007,Low Spin Kick,rb001,rb001,,,,,,,,
,sk0269,1,Ap Eue Bohk Soo,c013,Defense Against Front Clothing Grab,rb001,rb001,,,,,,,,
,sk0270,2,Ap Eue Bohk Soo,c013,Defense Against Front Clothing Grab,rb001,rb001,,,,,,,,
,sk0271,3,Ap Eue Bohk Soo,c013,Defense Against Front Clothing Grab,rb001,rb001,,,,,,,,
,sk0272,4,Ap Eue Bohk Soo,c013,Defense Against Front Clothing Grab,rb001,rb001,,,,,,,,
,sk0273,5,Ap Eue Bohk Soo,c013,Defense Against Front Clothing Grab,rb001,rb001,,,,,,,,
,sk0274,6,Ap Eue Bohk Soo,c013,Defense Against Front Clothing Grab,rb001,rb001,,,,,,,,
,sk0275,7,Ap Eue Bohk Soo,c013,Defense Against Front Clothing Grab,rb001,rb001,,,,,,,,
,sk0276,8,Ap Eue Bohk Soo,c013,Defense Against Front Clothing Grab,rb001,rb001,,,,,,,,
,sk0277,9,Ap Eue Bohk Soo,c013,Defense Against Front Clothing Grab,rb001,rb001,,,,,,,,
,sk0278,10,Ap Eue Bohk Soo,c013,Defense Against Front Clothing Grab,rb001,rb001,,,,,,,,
,sk0279,11,Ap Eue Bohk Soo,c013,Defense Against Front Clothing Grab,rb001,rb001,,,,,,,,
,sk0280,12,Ap Eue Bohk Soo,c013,Defense Against Front Clothing Grab,rb001,rb001,,,,,,,,
,sk0281,13,Ap Eue Bohk Soo,c013,Defense Against Front Clothing Grab,rb001,rb001,,,,,,,,
,sk0282,14,Ap Eue Bohk Soo,c013,Defense Against Front Clothing Grab,rb001,rb001,,,,,,,,
,sk0283,15,Ap Eue Bohk Soo,c013,Defense Against Front Clothing Grab,rb001,rb001,,,,,,,,
,sk0284,16,Ap Eue Bohk Soo,c013,Defense Against Front Clothing Grab,rb001,rb001,,,,,,,,
,sk0285,17,Ap Eue Bohk Soo,c013,Defense Against Front Clothing Grab,rb001,rb001,,,,,,,,
,sk0286,18,Ap Eue Bohk Soo,c013,Defense Against Front Clothing Grab,rb001,rb001,,,,,,,,
,sk0287,19,Ap Eue Bohk Soo,c013,Defense Against Front Clothing Grab,rb001,rb001,,,,,,,,
,sk0288,20,Ap Eue Bohk Soo,c013,Defense Against Front Clothing Grab,rb001,rb001,,,,,,,,
,sk0289,1,Dae Eue Bok Soo,c013,Defense Against Rear Clothing Grab,rb001,rb001,,,,,,,,
,sk0290,2,Dae Eue Bok Soo,c013,Defense Against Rear Clothing Grab,rb001,rb001,,,,,,,,
,sk0291,3,Dae Eue Bok Soo,c013,Defense Against Rear Clothing Grab,rb001,rb001,,,,,,,,
,sk0292,4,Dae Eue Bok Soo,c013,Defense Against Rear Clothing Grab,rb001,rb001,,,,,,,,
,sk0293,5,Dae Eue Bok Soo,c013,Defense Against Rear Clothing Grab,rb001,rb001,,,,,,,,
,sk0294,6,Dae Eue Bok Soo,c013,Defense Against Rear Clothing Grab,rb001,rb001,,,,,,,,
,sk0295,7,Dae Eue Bok Soo,c013,Defense Against Rear Clothing Grab,rb001,rb001,,,,,,,,
,sk0296,8,Dae Eue Bok Soo,c013,Defense Against Rear Clothing Grab,rb001,rb001,,,,,,,,
,sk0297,9,Dae Eue Bok Soo,c013,Defense Against Rear Clothing Grab,rb001,rb001,,,,,,,,
,sk0298,10,Dae Eue Bok Soo,c013,Defense Against Rear Clothing Grab,rb001,rb001,,,,,,,,
,sk0299,11,Dae Eue Bok Soo,c013,Defense Against Rear Clothing Grab,rb001,rb001,,,,,,,,
,sk0300,12,Dae Eue Bok Soo,c013,Defense Against Rear Clothing Grab,rb001,rb001,,,,,,,,
,sk0301,13,Dae Eue Bok Soo,c013,Defense Against Rear Clothing Grab,rb001,rb001,,,,,,,,
,sk0302,14,Dae Eue Bok Soo,c013,Defense Against Rear Clothing Grab,rb001,rb001,,,,,,,,
,sk0303,15,Dae Eue Bok Soo,c013,Defense Against Rear Clothing Grab,rb001,rb001,,,,,,,,
,sk0304,16,Dae Eue Bok Soo,c013,Defense Against Rear Clothing Grab,rb001,rb001,,,,,,,,
,sk0305,17,Dae Eue Bok Soo,c013,Defense Against Rear Clothing Grab,rb001,rb001,,,,,,,,
,sk0306,18,Dae Eue Bok Soo,c013,Defense Against Rear Clothing Grab,rb001,rb001,,,,,,,,
,sk0307,19,Dae Eue Bok Soo,c013,Defense Against Rear Clothing Grab,rb001,rb001,,,,,,,,
,sk0308,20,Dae Eue Bok Soo,c013,Defense Against Rear Clothing Grab,rb001,rb001,,,,,,,,
,sk0309,21,Dae Eue Bok Soo,c013,Defense Against Rear Clothing Grab,rb001,rb001,,,,,,,,
,sk0310,22,Dae Eue Bok Soo,c013,Defense Against Rear Clothing Grab,rb001,rb001,,,,,,,,
,sk0311,23,Dae Eue Bok Soo,c013,Defense Against Rear Clothing Grab,rb001,rb001,,,,,,,,
,sk0312,1,Kwahn Juhl Ki,c013,Defense Against,rb001,rb001,,,,,,,,
,sk0313,2,Kwahn Juhl Ki,c013,Defense Against,rb001,rb001,,,,,,,,
,sk0314,3,Kwahn Juhl Ki,c013,Defense Against,rb001,rb001,,,,,,,,
,sk0315,4,Kwahn Juhl Ki,c013,Defense Against,rb001,rb001,,,,,,,,
,sk0316,5,Kwahn Juhl Ki,c013,Defense Against,rb001,rb001,,,,,,,,
,sk0317,6,Kwahn Juhl Ki,c013,Defense Against,rb001,rb001,,,,,,,,
,sk0318,7,Kwahn Juhl Ki,c013,Defense Against,rb001,rb001,,,,,,,,
,sk0319,8,Kwahn Juhl Ki,c013,Defense Against,rb001,rb001,,,,,,,,
,sk0320,9,Kwahn Juhl Ki,c013,Defense Against,rb001,rb001,,,,,,,,
,sk0321,10,Kwahn Juhl Ki,c013,Defense Against,rb001,rb001,,,,,,,,
,sk0322,11,Kwahn Juhl Ki,c013,Defense Against,rb001,rb001,,,,,,,,
,sk0323,12,Kwahn Juhl Ki,c013,Defense Against,rb001,rb001,,,,,,,,
,sk0324,13,Kwahn Juhl Ki,c013,Defense Against,rb001,rb001,,,,,,,,
,sk0325,1,Bahng Too Ki,c013,Defense Against,rb001,rb001,,,,,,,,
,sk0326,2,Bahng Too Ki,c013,Defense Against,rb001,rb001,,,,,,,,
,sk0327,3,Bahng Too Ki,c013,Defense Against,rb001,rb001,,,,,,,,
,sk0328,4,Bahng Too Ki,c013,Defense Against,rb001,rb001,,,,,,,,
,sk0329,5,Bahng Too Ki,c013,Defense Against,rb001,rb001,,,,,,,,
,sk0330,1,Mohk Joh Leu Ki,c013,Defense Against,rb001,rb001,,,,,,,,
,sk0331,2,Mohk Joh Leu Ki,c013,Defense Against,rb001,rb001,,,,,,,,
,sk0332,3,Mohk Joh Leu Ki,c013,Defense Against,rb001,rb001,,,,,,,,
,sk0333,4,Mohk Joh Leu Ki,c013,Defense Against,rb001,rb001,,,,,,,,
,sk0334,5,Mohk Joh Leu Ki,c013,Defense Against,rb001,rb001,,,,,,,,
,sk0335,1,Too Ki,c013,Defense Against,rb001,rb001,,,,,,,,
,sk0336,2,Too Ki,c013,Defense Against,rb001,rb001,,,,,,,,
,sk0337,3,Too Ki,c013,Defense Against,rb001,rb001,,,,,,,,
,sk0338,4,Too Ki,c013,Defense Against,rb001,rb001,,,,,,,,
,sk0339,5,Too Ki,c013,Defense Against,rb001,rb001,,,,,,,,
,sk0340,6,Too Ki,c013,Defense Against,rb001,rb001,,,,,,,,
,sk0341,7,Too Ki,c013,Defense Against,rb001,rb001,,,,,,,,
,sk0342,8,Too Ki,c013,Defense Against,rb001,rb001,,,,,,,,
,sk0343,1,Yahng Sahn Mok Soo,c013,Defense Against Two Handed Wrist Grab,rb001,rb001,,,,,,,,
,sk0344,2,Yahng Sahn Mok Soo,c013,Defense Against Two Handed Wrist Grab,rb001,rb001,,,,,,,,
,sk0345,3,Yahng Sahn Mok Soo,c013,Defense Against Two Handed Wrist Grab,rb001,rb001,,,,,,,,
,sk0346,4,Yahng Sahn Mok Soo,c013,Defense Against Two Handed Wrist Grab,rb001,rb001,,,,,,,,
,sk0347,5,Yahng Sahn Mok Soo,c013,Defense Against Two Handed Wrist Grab,rb001,rb001,,,,,,,,
,sk0348,6,Yahng Sahn Mok Soo,c013,Defense Against Two Handed Wrist Grab,rb001,rb001,,,,,,,,
,sk0349,7,Yahng Sahn Mok Soo,c013,Defense Against Two Handed Wrist Grab,rb001,rb001,,,,,,,,
,sk0350,8,Yahng Sahn Mok Soo,c013,Defense Against Two Handed Wrist Grab,rb001,rb001,,,,,,,,
,sk0351,1,Ssahng Soo,c013,Defense Against Both Wrists Grabbed,rb001,rb001,,,,,,,,
,sk0352,2,Ssahng Soo,c013,Defense Against Both Wrists Grabbed,rb001,rb001,,,,,,,,
,sk0353,3,Ssahng Soo,c013,Defense Against Both Wrists Grabbed,rb001,rb001,,,,,,,,
,sk0354,4,Ssahng Soo,c013,Defense Against Both Wrists Grabbed,rb001,rb001,,,,,,,,
,sk0355,5,Ssahng Soo,c013,Defense Against Both Wrists Grabbed,rb001,rb001,,,,,,,,
,sk0356,1,Dahn Do Mahk Ki,c013,Defense Against Knife Attacks,rb001,rb001,,,,,,,,
,sk0357,2,Dahn Do Mahk Ki,c013,Defense Against Knife Attacks,rb001,rb001,,,,,,,,
,sk0358,3,Dahn Do Mahk Ki,c013,Defense Against Knife Attacks,rb001,rb001,,,,,,,,
,sk0359,4,Dahn Do Mahk Ki,c013,Defense Against Knife Attacks,rb001,rb001,,,,,,,,
,sk0360,5,Dahn Do Mahk Ki,c013,Defense Against Knife Attacks,rb001,rb001,,,,,,,,
,sk0361,6,Dahn Do Mahk Ki,c013,Defense Against Knife Attacks,rb001,rb001,,,,,,,,
,sk0362,7,Dahn Do Mahk Ki,c013,Defense Against Knife Attacks,rb001,rb001,,,,,,,,
,sk0363,8,Dahn Do Mahk Ki,c013,Defense Against Knife Attacks,rb001,rb001,,,,,,,,
,sk0364,9,Dahn Do Mahk Ki,c013,Defense Against Knife Attacks,rb001,rb001,,,,,,,,
,sk0365,10,Dahn Do Mahk Ki,c013,Defense Against Knife Attacks,rb001,rb001,,,,,,,,
,sk0366,11,Dahn Do Mahk Ki,c013,Defense Against Knife Attacks,rb001,rb001,,,,,,,,
,sk0367,12,Dahn Do Mahk Ki,c013,Defense Against Knife Attacks,rb001,rb001,,,,,,,,
,sk0368,13,Dahn Do Mahk Ki,c013,Defense Against Knife Attacks,rb001,rb001,,,,,,,,
,sk0369,14,Dahn Do Mahk Ki,c013,Defense Against Knife Attacks,rb001,rb001,,,,,,,,
,sk0370,15,Dahn Do Mahk Ki,c013,Defense Against Knife Attacks,rb001,rb001,,,,,,,,
,sk0371,1,Count to 10,c009,Counting in Korean,rb001,rb001,,,,,,,,
,sk0372,2,Names of Ranks,c009,Names and Titles,rb001,rb001,,,,,,,,
,sk0373,3,Names of Foots Attacks,c009,Names of Foots Attacks,rb001,rb001,,,,,,,,
,sk0374,4,Commands and Terminology,c009,Commands and Terminology,rb001,rb001,,,,,,,,
,sk0375,5,Parts of the Body,c009,Parts of the Body,rb001,rb001,,,,,,,,
,sk0376,6,"Directions, Relationships, and Movements",c009,"Directions, Relationships, and Movements",rb001,rb001,,,,,,,,
,sk0377,7,Five Principles of a Warrior,c010,Moral Character,rb001,rb001,,,,,,,,
,sk0378,8,Forms,c010,Purpose/Execution of forms,rb001,rb001,,,,,,,,
,sk0379,9,Basic Techniques,c010,"What is a ""Technique""?",rb001,rb001,,,,,,,,
,sk0380,10,You-Won-Hwa,c010,Water,rb001,rb001,,,,,,,,
,sk0381,11,History of Kuk Sool Weapons,c010,History of Kuk Sool Weapons,rb001,rb001,,,,,,,,
,sk0382,12,What is Ki,c010,What is Ki,rb001,rb001,,,,,,,,
,sk0383,13,Breathing,c010,Breathing,rb001,rb001,,,,,,,,
,sk0384,14,Modern History of Kuk Sool Won,c010,Modern History of Kuk Sool Won,rb001,rb001,,,,,,,,
,sk0385,15,Basic Pressure Points,c010,Basic Pressure Points,rb001,rb001,,,,,,,,
,sk0386,16,Blocking,c010,Blocking,rb001,rb001,,,,,,,,
,sk0387,17,Locating the Target,c010,Locating the Target,rb001,rb001,,,,,,,,
,sk0388,18,Sah Doh Mu Sool,c010,History of Tribal/Family Martial Arts In Korea,rb001,rb001,,,,,,,,
,sk0389,19,Bool Kyo MU Sool,c010,History of Buddhist Temple,rb001,rb001,,,,,,,,
,sk0390,20,Koong Joong Mu Sool,c010,History of the Korean Royal Palace,rb001,rb001,,,,,,,,
,sk0391,1,Juhl Bong Hyung,c012,Jointed Staff-Form,rb001,rb001,,,,,,,,
,sk0392,2,Juhl Bong Hyung,c012,Jointed Staff-Form,rb001,rb001,,,,,,,,
,sk0393,1,Joong Bong Il Hyung,c012,Long Staff-Form,rb001,rb001,,,,,,,,
,sk0394,2,Joong Bong Il Hyung ,c012,Long Staff-Form,rb001,rb001,,,,,,,,
,sk0395,1,Juhl Bong ,c013,Jointed Staff-Spinnig 1,rb001,rb001,,,,,,,,
,sk0396,2,Juhl Bong ,c013,Jointed Staff-Spinnig 2,rb001,rb001,,,,,,,,
,sk0397,3,Juhl Bong ,c013,Jointed Staff-Spinnig 3,rb001,rb001,,,,,,,,
,sk0398,4,Juhl Bong ,c013,Jointed Staff-Spinnig 4,rb001,rb001,,,,,,,,
,sk0399,5,Juhl Bong ,c013,Jointed Staff-Spinnig 5,rb001,rb001,,,,,,,,
,sk0400,6,Juhl Bong ,c013,Jointed Staff-Spinnig 6,rb001,rb001,,,,,,,,
,sk0401,7,Juhl Bong ,c013,Jointed Staff-Striking 1,rb001,rb001,,,,,,,,
,sk0402,8,Juhl Bong ,c013,Jointed Staff-Striking 2,rb001,rb001,,,,,,,,
,sk0403,9,Juhl Bong ,c013,Jointed Staff-Striking 3,rb001,rb001,,,,,,,,
,sk0404,1,Bong Do Liki,c013,Long Staff-Spinnig 1,rb001,rb001,,,,,,,,
,sk0405,2,Bong Do Liki,c013,Long Staff-Spinnig 2,rb001,rb001,,,,,,,,
,sk0406,3,Bong Do Liki,c013,Long Staff-Spinnig 3,rb001,rb001,,,,,,,,
,sk0407,4,Bong Do Liki,c013,Long Staff-Spinnig 4,rb001,rb001,,,,,,,,
,sk0408,5,Bong Do Liki,c013,Long Staff-Spinnig 5,rb001,rb001,,,,,,,,
,sk0409,6,Bong Do Liki,c013,Long Staff-Spinnig 6,rb001,rb001,,,,,,,,
,sk0410,7,Bong Do Liki,c013,Long Staff-Spinnig 7,rb001,rb001,,,,,,,,
,sk0411,8,Bong Do Liki,c013,Long Staff-Spinnig 8,rb001,rb001,,,,,,,,
,sk0412,9,Bong Do Liki,c013,Long Staff-Spinnig 9,rb001,rb001,,,,,,,,
,sk0413,10,Bong Do Liki,c013,Long Staff-Spinnig 10,rb001,rb001,,,,,,,,
,sk0414,11,Bong Do Liki,c013,Long Staff-Spinnig 11,rb001,rb001,,,,,,,,
,sk0415,12,Bong Do Liki,c013,Long Staff-Spinnig 12,rb001,rb001,,,,,,,,
,sk0416,13,Bong Do Liki,c013,Long Staff-Spinnig 13,rb001,rb001,,,,,,,,
,sk0417,14,Bong Do Liki,c013,Long Staff-Spinnig 14,rb001,rb001,,,,,,,,
,sk0418,1,Sword Cutting Technique,c013,Sword Cutting Technique 1,rb001,rb001,,,,,,,,
,sk0419,2,Sword Cutting Technique,c013,Sword Cutting Technique 2,rb001,rb001,,,,,,,,
,sk0420,3,Sword Cutting Technique,c013,Sword Cutting Technique 3,rb001,rb001,,,,,,,,
,sk0421,4,Sword Cutting Technique,c013,Sword Cutting Technique 4,rb001,rb001,,,,,,,,
,sk0422,5,Sword Cutting Technique,c013,Sword Cutting Technique 5,rb001,rb001,,,,,,,,
,sk0423,6,Sword Cutting Technique,c013,Sword Cutting Technique 6,rb001,rb001,,,,,,,,
,,,,,,,,,,,,,,,
SKILL,,,,,,,,,,,,,,,
,keyId,serialNumber,status,skillId,studentId,status,,,,,,,,,
,st001,1,Forward/Back Stretch,sk0001,a-26335,Trained,,,,,,,,,
,st002,2,Look Up/Down,sk0002,a-26335,Trained,,,,,,,,,
,st003,3,Look Side/Side,sk0003,a-26335,Trained,,,,,,,,,
,st004,4,Rotate Head,sk0004,a-26335,Trained,,,,,,,,,
,st005,5,Rotate Arms,sk0005,a-26335,Trained,,,,,,,,,
,st006,6,Rotate Hips,sk0006,a-26335,Trained,,,,,,,,,
,st007,7,Knee Bends,sk0007,a-26335,Trained,,,,,,,,,
,st008,8,Rotate Knees,sk0008,a-26335,Trained,,,,,,,,,
,st009,9,Stretch Over knees,sk0009,a-26335,Trained,,,,,,,,,
,st010,10,1Long Stretch,sk0010,a-26335,Trained,,,,,,,,,
,st011,11,Grab Toes,sk0011,a-26335,Trained,,,,,,,,,
,st012,12,Ankle Circles,sk0012,a-26335,Trained,,,,,,,,,
,st013,13,Knee Extensions,sk0013,a-26335,Trained,,,,,,,,,
,st014,14,Bent Leg Stretch,sk0014,a-26335,Trained,,,,,,,,,
,st015,15,Bent Leg Long Stretch,sk0015,a-26335,Trained,,,,,,,,,
,st016,16,Straddle Stretch,sk0016,a-26335,Trained,,,,,,,,,
,st017,17,Rowing Motion,sk0017,a-26335,Trained,,,,,,,,,
,st018,18,Forward Straddle Stretch,sk0018,a-26335,Trained,,,,,,,,,
,st019,19,Butterfly Bounce,sk0019,a-26335,Trained,,,,,,,,,
,st020,20,Butterfly Knees,sk0020,a-26335,Trained,,,,,,,,,
,st021,21,Finger Stretch,sk0021,a-26335,Trained,,,,,,,,,
,st022,22,Wrist Twist,sk0022,a-26335,Trained,,,,,,,,,
,st023,23,Roll Back,sk0023,a-26335,Trained,,,,,,,,,
,st024,24,Shoulder Stand,sk0024,a-26335,Trained,,,,,,,,,
,st025,25,Bicycle Kick,sk0025,a-26335,Trained,,,,,,,,,
,st026,26,Back Arch,sk0026,a-26335,Trained,,,,,,,,,
,st027,27,Hip Raise,sk0027,a-26335,Trained,,,,,,,,,
,st028,28,2Hip Raise with Support,sk0028,a-26335,Trained,,,,,,,,,
,st029,29,Full Bridge,sk0029,a-26335,Trained,,,,,,,,,
,st030,30,Raise Head/Shoulders,sk0030,a-26335,Trained,,,,,,,,,
,st031,31,Raise Leg/Feet,sk0031,a-26335,Trained,,,,,,,,,
,st032,32,Raise head and Feet,sk0032,a-26335,Trained,,,,,,,,,
,st033,33,Grab Ankles,sk0033,a-26335,Trained,,,,,,,,,
,st034,34,Back Stretch,sk0034,a-26335,Trained,,,,,,,,,
,st035,1,Ahp Nak Bub,sk0035,a-26335,Trained,,,,,,,,,
,st036,2,Dee Nak Bub,sk0036,a-26335,Trained,,,,,,,,,
,st037,3,Yuhp Nak Bub,sk0037,a-26335,Trained,,,,,,,,,
,st038,4,Ahp Yuhp Nak Bub,sk0038,a-26335,Trained,,,,,,,,,
,st039,5,Hweh Juhn ,sk0039,a-26335,Trained,,,,,,,,,
,st040,6,Goh Yahng Ee Nak Bub,sk0040,a-26335,Trained,,,,,,,,,
,st041,7,Doo Sohn Poong Cha,sk0041,a-26335,Trained,,,,,,,,,
,st042,8,Hahn Sohn Poong Cha,sk0042,a-26335,Trained,,,,,,,,,
,st043,9,Gong Joong Hweh Juhn Nak Bub,sk0043,a-26335,Trained,,,,,,,,,
,st044,10,Gong Joong Ahp Nak Bub,sk0044,a-26335,Trained,,,,,,,,,
,st045,11,Pahl Kum Chi Poong Cha,sk0045,a-26335,Trained,,,,,,,,,
,st046,12,Gong Joong Dee Nak Bub,sk0046,a-26335,Trained,,,,,,,,,
,st047,13,Gon Joong Poong Cha,sk0047,a-26335,Trained,,,,,,,,,
,st048,14,Gong Joong Hweh Juhn Nak Bub,sk0048,a-26335,Trained,,,,,,,,,
,st049,15,Doo Sohn Aho Poong Cha,sk0049,a-26335,Trained,,,,,,,,,
,st050,16,Ahp Gong Joong Hweh Juhn Nak Bub,sk0050,a-26335,Trained,,,,,,,,,
,st051,1,Ki Cho Hyung,sk0051,a-26335,Trained,,,,,,,,,
,st052,2,Ki Cho Hyung,sk0052,a-26335,Trained,,,,,,,,,
,st053,3,Ki Cho Hyung,sk0053,a-26335,Trained,,,,,,,,,
,st054,4,Ki Cho Hyung,sk0054,a-26335,Trained,,,,,,,,,
,st055,5,Ki Cho Hyung,sk0055,a-26335,Trained,,,,,,,,,
,st056,6,Ki Cho Hyung,sk0056,a-26335,Trained,,,,,,,,,
,st057,1,Cho Geup Hyung ,sk0057,a-26335,Trained,,,,,,,,,
,st058,2,Cho Geup Hyung,sk0058,a-26335,Trained,,,,,,,,,
,st059,1,Joong Geup Hyung,sk0059,a-26335,Trained,,,,,,,,,
,st060,2,Joong Geup Hyung,sk0060,a-26335,Trained,,,,,,,,,
,st061,1,Goh Geup Hyung,sk0061,a-26335,Trained,,,,,,,,,
,st062,2,Goh Geup Hyung,sk0062,a-26335,Trained,,,,,,,,,
,st063,1,Dae Geup Hyung,sk0063,a-26335,Trained,,,,,,,,,
,st064,1,Joong Geup Sohn Mok Soo,sk0064,a-26335,Trained,,,,,,,,,
,st065,2,Joong Geup Sohn Mok Soo,sk0065,a-26335,Trained,,,,,,,,,
,st066,3,Joong Geup Sohn Mok Soo,sk0066,a-26335,Trained,,,,,,,,,
,st067,4,Joong Geup Sohn Mok Soo,sk0067,a-26335,Trained,,,,,,,,,
,st068,5,Joong Geup Sohn Mok Soo,sk0068,a-26335,Trained,,,,,,,,,
,st069,6,Joong Geup Sohn Mok Soo,sk0069,a-26335,Trained,,,,,,,,,
,st070,7,Joong Geup Sohn Mok Soo,sk0070,a-26335,Trained,,,,,,,,,
,st071,8,Joong Geup Sohn Mok Soo,sk0071,a-26335,Trained,,,,,,,,,
,st072,9,Joong Geup Sohn Mok Soo,sk0072,a-26335,Trained,,,,,,,,,
,st073,10,Joong Geup Sohn Mok Soo,sk0073,a-26335,Trained,,,,,,,,,
,st074,11,Joong Geup Sohn Mok Soo,sk0074,a-26335,Trained,,,,,,,,,
,st075,12,Joong Geup Sohn Mok Soo,sk0075,a-26335,Trained,,,,,,,,,
,st076,13,Joong Geup Sohn Mok Soo,sk0076,a-26335,Trained,,,,,,,,,
,st077,14,Joong Geup Sohn Mok Soo,sk0077,a-26335,Trained,,,,,,,,,
,st078,15,Joong Geup Sohn Mok Soo,sk0078,a-26335,Trained,,,,,,,,,
,st079,1,Guhm Moo Hyung,sk0079,a-26335,Trained,,,,,,,,,
,st080,2,Guhm Moo Hyung,sk0080,a-26335,Trained,,,,,,,,,
,st081,1,Ki Cho Jah Ki,sk0081,a-26335,Trained,,,,,,,,,
,st082,2,Ki Cho Jah Ki,sk0082,a-26335,Trained,,,,,,,,,
,st083,3,Ki Cho Jah Ki,sk0083,a-26335,Trained,,,,,,,,,
,st084,4,Ki Cho Jah Ki,sk0084,a-26335,Trained,,,,,,,,,
,st085,5,Ki Cho Jah Ki,sk0085,a-26335,Trained,,,,,,,,,
,st086,6,Ki Cho Jah Ki,sk0086,a-26335,Trained,,,,,,,,,
,st087,1,Dahn Juhn Ki Bub,sk0087,a-26335,Trained,,,,,,,,,
,st088,2,Dahn Juhn Ki Bub,sk0088,a-26335,Trained,,,,,,,,,
,st089,3,Dahn Juhn Ki Bub,sk0089,a-26335,Trained,,,,,,,,,
,st090,4,Dahn Juhn Ki Bub,sk0090,a-26335,Trained,,,,,,,,,
,st091,5,Dahn Juhn Ki Bub,sk0091,a-26335,Trained,,,,,,,,,
,st092,6,Dahn Juhn Ki Bub,sk0092,a-26335,Trained,,,,,,,,,
,st093,7,Dahn Juhn Ki Bub,sk0093,a-26335,Trained,,,,,,,,,
,st094,8,Dahn Juhn Ki Bub,sk0094,a-26335,Trained,,,,,,,,,
,st095,9,Dahn Juhn Ki Bub,sk0095,a-26335,Trained,,,,,,,,,
,st096,10,Dahn Juhn Ki Bub,sk0096,a-26335,Trained,,,,,,,,,
,st097,11,Dahn Juhn Ki Bub,sk0097,a-26335,Trained,,,,,,,,,
,st098,12,Dahn Juhn Ki Bub,sk0098,a-26335,Trained,,,,,,,,,
,st099,1,Cha Ryuht,sk0099,a-26335,Trained,,,,,,,,,
,st100,2,Kong Kyuk Jah Se,sk0100,a-26335,Trained,,,,,,,,,
,st101,3,Bahng Uh Jah Se,sk0101,a-26335,Trained,,,,,,,,,
,st102,4,Ki Mah Jah Se,sk0102,a-26335,Trained,,,,,,,,,
,st103,5,Juhn Guhl Jah se,sk0103,a-26335,Trained,,,,,,,,,
,st104,6,Crane  Stance,sk0104,a-26335,Trained,,,,,,,,,
,st105,7,Dragon Stance,sk0105,a-26335,Trained,,,,,,,,,
,st106,8,Cat Stance,sk0106,a-26335,Trained,,,,,,,,,
,st107,1,Do Jahng Etiquette,sk0107,a-26335,Trained,,,,,,,,,
,st108,2,Bowing,sk0108,a-26335,Trained,,,,,,,,,
,st109,3,Uniforms,sk0109,a-26335,Trained,,,,,,,,,
,st110,4,Hwarang Do Sesok O-Gye,sk0110,a-26335,Trained,,,,,,,,,
,st111,5,Kuk Sool Won Creed,sk0111,a-26335,Trained,,,,,,,,,
,st112,6,Handling Weapons,sk0112,a-26335,Trained,,,,,,,,,
,st113,7,Sparring,sk0113,a-26335,Trained,,,,,,,,,
,st114,8,Stances,sk0114,a-26335,Trained,,,,,,,,,
,st115,9,Teaching Others,sk0115,a-26335,Trained,,,,,,,,,
,st116,1,Ki Bohn Soo,sk0116,a-26335,Trained,,,,,,,,,
,st117,2,Ki Bohn Soo,sk0117,a-26335,Trained,,,,,,,,,
,st118,3,Ki Bohn Soo,sk0118,a-26335,Trained,,,,,,,,,
,st119,4,Ki Bohn Soo,sk0119,a-26335,Trained,,,,,,,,,
,st120,5,Ki Bohn Soo,sk0120,a-26335,Trained,,,,,,,,,
,st121,1,Johk Sool,sk0121,a-26335,Trained,,,,,,,,,
,st122,2,Johk Sool,sk0122,a-26335,Trained,,,,,,,,,
,st123,3,Johk Sool,sk0123,a-26335,Trained,,,,,,,,,
,st124,4,Johk Sool,sk0124,a-26335,Trained,,,,,,,,,
,st125,1,Soo Ki,sk0125,a-26335,Trained,,,,,,,,,
,st126,2,Soo Ki,sk0126,a-26335,Trained,,,,,,,,,
,st127,3,Soo Ki,sk0127,a-26335,Trained,,,,,,,,,
,st128,4,Soo Ki,sk0128,a-26335,Trained,,,,,,,,,
,st129,5,Soo Ki,sk0129,a-26335,Trained,,,,,,,,,
,st130,6,Soo Ki,sk0130,a-26335,Trained,,,,,,,,,
,st131,7,Soo Ki,sk0131,a-26335,Trained,,,,,,,,,
,st132,8,Soo Ki,sk0132,a-26335,Trained,,,,,,,,,
,st133,9,Soo Ki,sk0133,a-26335,Trained,,,,,,,,,
,st134,10,Soo Ki,sk0134,a-26335,Trained,,,,,,,,,
,st135,11,Soo Ki,sk0135,a-26335,Trained,,,,,,,,,
,st136,1,Sohnh Ppae Ki,sk0136,a-26335,Trained,,,,,,,,,
,st137,2,Sohnh Ppae Ki,sk0137,a-26335,Trained,,,,,,,,,
,st138,3,Sohnh Ppae Ki,sk0138,a-26335,Trained,,,,,,,,,
,st139,4,Sohnh Ppae Ki,sk0139,a-26335,Trained,,,,,,,,,
,st140,5,Sohnh Ppae Ki,sk0140,a-26335,Trained,,,,,,,,,
,st141,6,Ki Bohn Soo,sk0141,a-26335,Trained,,,,,,,,,
,st142,7,Ki Bohn Soo,sk0142,a-26335,Trained,,,,,,,,,
,st143,8,Ki Bohn Soo,sk0143,a-26335,Trained,,,,,,,,,
,st144,9,Ki Bohn Soo,sk0144,a-26335,Trained,,,,,,,,,
,st145,10,Ki Bohn Soo,sk0145,a-26335,Trained,,,,,,,,,
,st146,11,Ki Bohn Soo,sk0146,a-26335,Trained,,,,,,,,,
,st147,12,Ki Bohn Soo,sk0147,a-26335,Trained,,,,,,,,,
,st148,13,Ki Bohn Soo,sk0148,a-26335,Trained,,,,,,,,,
,st149,14,Ki Bohn Soo,sk0149,a-26335,Trained,,,,,,,,,
,st150,15,Ki Bohn Soo,sk0150,a-26335,Trained,,,,,,,,,
,st151,5,Johk Sool,sk0151,a-26335,Trained,,,,,,,,,
,st152,6,Johk Sool,sk0152,a-26335,Trained,,,,,,,,,
,st153,7,Johk Sool,sk0153,a-26335,Trained,,,,,,,,,
,st154,8,Johk Sool,sk0154,a-26335,Trained,,,,,,,,,
,st155,12,Soo Ki,sk0155,a-26335,Trained,,,,,,,,,
,st156,12,Soo Ki,sk0156,a-26335,Trained,,,,,,,,,
,st157,12,Soo Ki,sk0157,a-26335,Trained,,,,,,,,,
,st158,12,Soo Ki,sk0158,a-26335,Trained,,,,,,,,,
,st159,12,Soo Ki,sk0159,a-26335,Trained,,,,,,,,,
,st160,12,Soo Ki,sk0160,a-26335,Trained,,,,,,,,,
,st161,12,Soo Ki,sk0161,a-26335,Trained,,,,,,,,,
,st162,1,Sohn Mohk Soo ,sk0162,a-26335,Trained,,,,,,,,,
,st163,2,Sohn Mohk Soo ,sk0163,a-26335,Trained,,,,,,,,,
,st164,3,Sohn Mohk Soo ,sk0164,a-26335,Trained,,,,,,,,,
,st165,4,Sohn Mohk Soo ,sk0165,a-26335,Trained,,,,,,,,,
,st166,5,Sohn Mohk Soo ,sk0166,a-26335,Trained,,,,,,,,,
,st167,6,Sohn Mohk Soo ,sk0167,a-26335,Trained,,,,,,,,,
,st168,19,Soo Ki,sk0168,a-26335,Trained,,,,,,,,,
,st169,20,Soo Ki,sk0169,a-26335,Trained,,,,,,,,,
,st170,21,Soo Ki,sk0170,a-26335,Trained,,,,,,,,,
,st171,22,Soo Ki,sk0171,a-26335,Trained,,,,,,,,,
,st172,23,Soo Ki,sk0172,a-26335,Trained,,,,,,,,,
,st173,24,Soo Ki,sk0173,a-26335,Trained,,,,,,,,,
,st174,25,Soo Ki,sk0174,a-26335,Trained,,,,,,,,,
,st175,26,Soo Ki,sk0175,a-26335,Trained,,,,,,,,,
,st176,27,Soo Ki,sk0176,a-26335,Trained,,,,,,,,,
,st177,28,Soo Ki,sk0177,a-26335,Trained,,,,,,,,,
,st178,29,Soo Ki,sk0178,a-26335,Trained,,,,,,,,,
,st179,9,Johk Sool,sk0179,a-26335,Trained,,,,,,,,,
,st180,30,Soo Ki,sk0180,a-26335,Trained,,,,,,,,,
,st181,31,Soo Ki,sk0181,a-26335,Trained,,,,,,,,,
,st182,32,Soo Ki,sk0182,a-26335,Trained,,,,,,,,,
,st183,1,Eue Bohk Soo,sk0183,a-26335,Trained,,,,,,,,,
,st184,2,Eue Bohk Soo,sk0184,a-26335,Trained,,,,,,,,,
,st185,3,Eue Bohk Soo,sk0185,a-26335,Trained,,,,,,,,,
,st186,4,Eue Bohk Soo,sk0186,a-26335,Trained,,,,,,,,,
,st187,5,Eue Bohk Soo,sk0187,a-26335,Trained,,,,,,,,,
,st188,6,Eue Bohk Soo,sk0188,a-26335,Trained,,,,,,,,,
,st189,10,Johk Sool ,sk0189,a-26335,Trained,,,,,,,,,
,st190,11,Johk Sool ,sk0190,a-26335,Trained,,,,,,,,,
,st191,33,Soo Ki,sk0191,a-26335,Trained,,,,,,,,,
,st192,34,Soo Ki,sk0192,a-26335,Trained,,,,,,,,,
,st193,35,Soo Ki,sk0193,a-26335,Trained,,,,,,,,,
,st194,36,Soo Ki,sk0194,a-26335,Trained,,,,,,,,,
,st195,7,Eue Bohk Soo,sk0195,a-26335,Trained,,,,,,,,,
,st196,8,Eue Bohk Soo,sk0196,a-26335,Trained,,,,,,,,,
,st197,9,Eue Bohk Soo,sk0197,a-26335,Trained,,,,,,,,,
,st198,10,Eue Bohk Soo,sk0198,a-26335,Trained,,,,,,,,,
,st199,11,Eue Bohk Soo,sk0199,a-26335,Trained,,,,,,,,,
,st200,12,Eue Bohk Soo,sk0200,a-26335,Trained,,,,,,,,,
,st201,13,Eue Bohk Soo,sk0201,a-26335,Trained,,,,,,,,,
,st202,12,Johk Sool,sk0202,a-26335,Trained,,,,,,,,,
,st203,13,Johk Sool,sk0203,a-26335,Trained,,,,,,,,,
,st204,37,Soo Ki,sk0204,a-26335,Trained,,,,,,,,,
,st205,38,Soo Ki,sk0205,a-26335,Trained,,,,,,,,,
,st206,39,Soo Ki,sk0206,a-26335,Trained,,,,,,,,,
,st207,40,Soo Ki,sk0207,a-26335,Trained,,,,,,,,,
,st208,1,An Sohn Mok Soo,sk0208,a-26335,Trained,,,,,,,,,
,st209,2,An Sohn Mok Soo,sk0209,a-26335,Trained,,,,,,,,,
,st210,3,An Sohn Mok Soo,sk0210,a-26335,Trained,,,,,,,,,
,st211,4,An Sohn Mok Soo,sk0211,a-26335,Trained,,,,,,,,,
,st212,5,An Sohn Mok Soo,sk0212,a-26335,Trained,,,,,,,,,
,st213,6,An Sohn Mok Soo,sk0213,a-26335,Trained,,,,,,,,,
,st214,14,Johk Sool 14,sk0214,a-26335,Trained,,,,,,,,,
,st215,15,Johk Sool 15,sk0215,a-26335,Trained,,,,,,,,,
,st216,1,Maek Chi Ki,sk0216,a-26335,Trained,,,,,,,,,
,st217,2,Maek Chi Ki,sk0217,a-26335,Trained,,,,,,,,,
,st218,3,Maek Chi Ki,sk0218,a-26335,Trained,,,,,,,,,
,st219,4,Maek Chi Ki,sk0219,a-26335,Trained,,,,,,,,,
,st220,5,Maek Chi Ki,sk0220,a-26335,Trained,,,,,,,,,
,st221,6,Maek Chi Ki,sk0221,a-26335,Trained,,,,,,,,,
,st222,7,Maek Chi Ki,sk0222,a-26335,Trained,,,,,,,,,
,st223,8,Maek Chi Ki,sk0223,a-26335,Trained,,,,,,,,,
,st224,9,Maek Chi Ki,sk0224,a-26335,Trained,,,,,,,,,
,st225,10,Maek Chi Ki,sk0225,a-26335,Trained,,,,,,,,,
,st226,11,Maek Chi Ki,sk0226,a-26335,Trained,,,,,,,,,
,st227,12,Maek Chi Ki,sk0227,a-26335,Trained,,,,,,,,,
,st228,13,Maek Chi Ki,sk0228,a-26335,Trained,,,,,,,,,
,st229,14,Maek Chi Ki,sk0229,a-26335,Trained,,,,,,,,,
,st230,15,Maek Chi Ki,sk0230,a-26335,Trained,,,,,,,,,
,st231,16,Johk Sool,sk0231,a-26335,Trained,,,,,,,,,
,st232,17,Johk Sool,sk0232,a-26335,Trained,,,,,,,,,
,st233,18,Johk Sool,sk0233,a-26335,Trained,,,,,,,,,
,st234,41,Soo Ki,sk0234,a-26335,Trained,,,,,,,,,
,st235,1,Maek Cha Ki,sk0235,a-26335,Trained,,,,,,,,,
,st236,2,Maek Cha Ki,sk0236,a-26335,Trained,,,,,,,,,
,st237,3,Maek Cha Ki,sk0237,a-26335,Trained,,,,,,,,,
,st238,4,Maek Cha Ki,sk0238,a-26335,Trained,,,,,,,,,
,st239,5,Maek Cha Ki,sk0239,a-26335,Trained,,,,,,,,,
,st240,6,Maek Cha Ki,sk0240,a-26335,Trained,,,,,,,,,
,st241,7,Maek Cha Ki,sk0241,a-26335,Trained,,,,,,,,,
,st242,8,Maek Cha Ki,sk0242,a-26335,Trained,,,,,,,,,
,st243,9,Maek Cha Ki,sk0243,a-26335,Trained,,,,,,,,,
,st244,10,Maek Cha Ki,sk0244,a-26335,Trained,,,,,,,,,
,st245,11,Maek Cha Ki,sk0245,a-26335,Trained,,,,,,,,,
,st246,12,Maek Cha Ki,sk0246,a-26335,Trained,,,,,,,,,
,st247,13,Maek Cha Ki,sk0247,a-26335,Trained,,,,,,,,,
,st248,14,Maek Cha Ki,sk0248,a-26335,Trained,,,,,,,,,
,st249,15,Maek Cha Ki,sk0249,a-26335,Trained,,,,,,,,,
,st250,1,Joo Muhk Maga Ki Bon Soo,sk0250,a-26335,Trained,,,,,,,,,
,st251,2,Joo Muhk Maga Ki Bon Soo,sk0251,a-26335,Trained,,,,,,,,,
,st252,3,Joo Muhk Maga Ki Bon Soo,sk0252,a-26335,Trained,,,,,,,,,
,st253,4,Joo Muhk Maga Ki Bon Soo,sk0253,a-26335,Trained,,,,,,,,,
,st254,5,Joo Muhk Maga Ki Bon Soo,sk0254,a-26335,Trained,,,,,,,,,
,st255,6,Joo Muhk Maga Ki Bon Soo,sk0255,a-26335,Trained,,,,,,,,,
,st256,7,Joo Muhk Maga Ki Bon Soo,sk0256,a-26335,Trained,,,,,,,,,
,st257,8,Joo Muhk Maga Ki Bon Soo,sk0257,a-26335,Trained,,,,,,,,,
,st258,9,Joo Muhk Maga Ki Bon Soo,sk0258,a-26335,Trained,,,,,,,,,
,st259,10,Joo Muhk Maga Ki Bon Soo,sk0259,a-26335,Trained,,,,,,,,,
,st260,11,Joo Muhk Maga Ki Bon Soo,sk0260,a-26335,Trained,,,,,,,,,
,st261,12,Joo Muhk Maga Ki Bon Soo,sk0261,a-26335,Trained,,,,,,,,,
,st262,13,Joo Muhk Maga Ki Bon Soo,sk0262,a-26335,Trained,,,,,,,,,
,st263,14,Joo Muhk Maga Ki Bon Soo,sk0263,a-26335,Trained,,,,,,,,,
,st264,15,Joo Muhk Maga Ki Bon Soo,sk0264,a-26335,Trained,,,,,,,,,
,st265,19,Johk Sool,sk0265,a-26335,Trained,,,,,,,,,
,st266,20,Johk Sool,sk0266,a-26335,Trained,,,,,,,,,
,st267,21,Johk Sool,sk0267,a-26335,Trained,,,,,,,,,
,st268,22,Johk Sool,sk0268,a-26335,Trained,,,,,,,,,
,st269,1,Ap Eue Bohk Soo,sk0269,a-26335,Trained,,,,,,,,,
,st270,2,Ap Eue Bohk Soo,sk0270,a-26335,Trained,,,,,,,,,
,st271,3,Ap Eue Bohk Soo,sk0271,a-26335,Trained,,,,,,,,,
,st272,4,Ap Eue Bohk Soo,sk0272,a-26335,Trained,,,,,,,,,
,st273,5,Ap Eue Bohk Soo,sk0273,a-26335,Trained,,,,,,,,,
,st274,6,Ap Eue Bohk Soo,sk0274,a-26335,Trained,,,,,,,,,
,st275,7,Ap Eue Bohk Soo,sk0275,a-26335,Trained,,,,,,,,,
,st276,8,Ap Eue Bohk Soo,sk0276,a-26335,Trained,,,,,,,,,
,st277,9,Ap Eue Bohk Soo,sk0277,a-26335,Trained,,,,,,,,,
,st278,10,Ap Eue Bohk Soo,sk0278,a-26335,Trained,,,,,,,,,
,st279,11,Ap Eue Bohk Soo,sk0279,a-26335,Trained,,,,,,,,,
,st280,12,Ap Eue Bohk Soo,sk0280,a-26335,Trained,,,,,,,,,
,st281,13,Ap Eue Bohk Soo,sk0281,a-26335,Trained,,,,,,,,,
,st282,14,Ap Eue Bohk Soo,sk0282,a-26335,Trained,,,,,,,,,
,st283,15,Ap Eue Bohk Soo,sk0283,a-26335,Trained,,,,,,,,,
,st284,16,Ap Eue Bohk Soo,sk0284,a-26335,Trained,,,,,,,,,
,st285,17,Ap Eue Bohk Soo,sk0285,a-26335,Trained,,,,,,,,,
,st286,18,Ap Eue Bohk Soo,sk0286,a-26335,Trained,,,,,,,,,
,st287,19,Ap Eue Bohk Soo,sk0287,a-26335,Trained,,,,,,,,,
,st288,20,Ap Eue Bohk Soo,sk0288,a-26335,Trained,,,,,,,,,
,st289,1,Dae Eue Bok Soo,sk0289,a-26335,Trained,,,,,,,,,
,st290,2,Dae Eue Bok Soo,sk0290,a-26335,Trained,,,,,,,,,
,st291,3,Dae Eue Bok Soo,sk0291,a-26335,Trained,,,,,,,,,
,st292,4,Dae Eue Bok Soo,sk0292,a-26335,Trained,,,,,,,,,
,st293,5,Dae Eue Bok Soo,sk0293,a-26335,Trained,,,,,,,,,
,st294,6,Dae Eue Bok Soo,sk0294,a-26335,Trained,,,,,,,,,
,st295,7,Dae Eue Bok Soo,sk0295,a-26335,Trained,,,,,,,,,
,st296,8,Dae Eue Bok Soo,sk0296,a-26335,Trained,,,,,,,,,
,st297,9,Dae Eue Bok Soo,sk0297,a-26335,Trained,,,,,,,,,
,st298,10,Dae Eue Bok Soo,sk0298,a-26335,Trained,,,,,,,,,
,st299,11,Dae Eue Bok Soo,sk0299,a-26335,Trained,,,,,,,,,
,st300,12,Dae Eue Bok Soo,sk0300,a-26335,Trained,,,,,,,,,
,st301,13,Dae Eue Bok Soo,sk0301,a-26335,Trained,,,,,,,,,
,st302,14,Dae Eue Bok Soo,sk0302,a-26335,Trained,,,,,,,,,
,st303,15,Dae Eue Bok Soo,sk0303,a-26335,Trained,,,,,,,,,
,st304,16,Dae Eue Bok Soo,sk0304,a-26335,Trained,,,,,,,,,
,st305,17,Dae Eue Bok Soo,sk0305,a-26335,Trained,,,,,,,,,
,st306,18,Dae Eue Bok Soo,sk0306,a-26335,Trained,,,,,,,,,
,st307,19,Dae Eue Bok Soo,sk0307,a-26335,Trained,,,,,,,,,
,st308,20,Dae Eue Bok Soo,sk0308,a-26335,Trained,,,,,,,,,
,st309,21,Dae Eue Bok Soo,sk0309,a-26335,Trained,,,,,,,,,
,st310,22,Dae Eue Bok Soo,sk0310,a-26335,Trained,,,,,,,,,
,st311,23,Dae Eue Bok Soo,sk0311,a-26335,Trained,,,,,,,,,
,st312,1,Kwahn Juhl Ki,sk0312,a-26335,In Progress,,,,,,,,,
,st313,2,Kwahn Juhl Ki,sk0313,a-26335,In Progress,,,,,,,,,
,st314,3,Kwahn Juhl Ki,sk0314,a-26335,In Progress,,,,,,,,,
,st315,4,Kwahn Juhl Ki,sk0315,a-26335,In Progress,,,,,,,,,
,st316,5,Kwahn Juhl Ki,sk0316,a-26335,In Progress,,,,,,,,,
,st317,6,Kwahn Juhl Ki,sk0317,a-26335,In Progress,,,,,,,,,
,st318,7,Kwahn Juhl Ki,sk0318,a-26335,In Progress,,,,,,,,,
,st319,8,Kwahn Juhl Ki,sk0319,a-26335,In Progress,,,,,,,,,
,st320,9,Kwahn Juhl Ki,sk0320,a-26335,In Progress,,,,,,,,,
,st321,10,Kwahn Juhl Ki,sk0321,a-26335,In Progress,,,,,,,,,
,st322,11,Kwahn Juhl Ki,sk0322,a-26335,In Progress,,,,,,,,,
,st323,12,Kwahn Juhl Ki,sk0323,a-26335,In Progress,,,,,,,,,
,st324,13,Kwahn Juhl Ki,sk0324,a-26335,In Progress,,,,,,,,,
,st325,1,Bahng Too Ki,sk0325,a-26335,In Progress,,,,,,,,,
,st326,2,Bahng Too Ki,sk0326,a-26335,In Progress,,,,,,,,,
,st327,3,Bahng Too Ki,sk0327,a-26335,In Progress,,,,,,,,,
,st328,4,Bahng Too Ki,sk0328,a-26335,In Progress,,,,,,,,,
,st329,5,Bahng Too Ki,sk0329,a-26335,In Progress,,,,,,,,,
,st330,1,Mohk Joh Leu Ki,sk0330,a-26335,In Progress,,,,,,,,,
,st331,2,Mohk Joh Leu Ki,sk0331,a-26335,In Progress,,,,,,,,,
,st332,3,Mohk Joh Leu Ki,sk0332,a-26335,In Progress,,,,,,,,,
,st333,4,Mohk Joh Leu Ki,sk0333,a-26335,In Progress,,,,,,,,,
,st334,5,Mohk Joh Leu Ki,sk0334,a-26335,In Progress,,,,,,,,,
,st335,1,Too Ki,sk0335,a-26335,In Progress,,,,,,,,,
,st336,2,Too Ki,sk0336,a-26335,In Progress,,,,,,,,,
,st337,3,Too Ki,sk0337,a-26335,In Progress,,,,,,,,,
,st338,4,Too Ki,sk0338,a-26335,In Progress,,,,,,,,,
,st339,5,Too Ki,sk0339,a-26335,In Progress,,,,,,,,,
,st340,6,Too Ki,sk0340,a-26335,In Progress,,,,,,,,,
,st341,7,Too Ki,sk0341,a-26335,In Progress,,,,,,,,,
,st342,8,Too Ki,sk0342,a-26335,In Progress,,,,,,,,,
,st343,1,Yahng Sahn Mok Soo,sk0343,a-26335,In Progress,,,,,,,,,
,st344,2,Yahng Sahn Mok Soo,sk0344,a-26335,In Progress,,,,,,,,,
,st345,3,Yahng Sahn Mok Soo,sk0345,a-26335,In Progress,,,,,,,,,
,st346,4,Yahng Sahn Mok Soo,sk0346,a-26335,In Progress,,,,,,,,,
,st347,5,Yahng Sahn Mok Soo,sk0347,a-26335,In Progress,,,,,,,,,
,st348,6,Yahng Sahn Mok Soo,sk0348,a-26335,In Progress,,,,,,,,,
,st349,7,Yahng Sahn Mok Soo,sk0349,a-26335,In Progress,,,,,,,,,
,st350,8,Yahng Sahn Mok Soo,sk0350,a-26335,In Progress,,,,,,,,,
,st351,1,Ssahng Soo,sk0351,a-26335,In Progress,,,,,,,,,
,st352,2,Ssahng Soo,sk0352,a-26335,In Progress,,,,,,,,,
,st353,3,Ssahng Soo,sk0353,a-26335,In Progress,,,,,,,,,
,st354,4,Ssahng Soo,sk0354,a-26335,In Progress,,,,,,,,,
,st355,5,Ssahng Soo,sk0355,a-26335,In Progress,,,,,,,,,
,st356,1,Dahn Do Mahk Ki,sk0356,a-26335,In Progress,,,,,,,,,
,st357,2,Dahn Do Mahk Ki,sk0357,a-26335,In Progress,,,,,,,,,
,st358,3,Dahn Do Mahk Ki,sk0358,a-26335,In Progress,,,,,,,,,
,st359,4,Dahn Do Mahk Ki,sk0359,a-26335,In Progress,,,,,,,,,
,st360,5,Dahn Do Mahk Ki,sk0360,a-26335,In Progress,,,,,,,,,
,st361,6,Dahn Do Mahk Ki,sk0361,a-26335,In Progress,,,,,,,,,
,st362,7,Dahn Do Mahk Ki,sk0362,a-26335,In Progress,,,,,,,,,
,st363,8,Dahn Do Mahk Ki,sk0363,a-26335,In Progress,,,,,,,,,
,st364,9,Dahn Do Mahk Ki,sk0364,a-26335,In Progress,,,,,,,,,
,st365,10,Dahn Do Mahk Ki,sk0365,a-26335,In Progress,,,,,,,,,
,st366,11,Dahn Do Mahk Ki,sk0366,a-26335,In Progress,,,,,,,,,
,st367,12,Dahn Do Mahk Ki,sk0367,a-26335,In Progress,,,,,,,,,
,st368,13,Dahn Do Mahk Ki,sk0368,a-26335,In Progress,,,,,,,,,
,st369,14,Dahn Do Mahk Ki,sk0369,a-26335,In Progress,,,,,,,,,
,st370,15,Dahn Do Mahk Ki,sk0370,a-26335,In Progress,,,,,,,,,
,st371,1,Count to 10,sk0371,a-26335,In Progress,,,,,,,,,
,st372,2,Names of Ranks,sk0372,a-26335,Trained,,,,,,,,,
,st373,3,Names of Foots Attacks,sk0373,a-26335,Trained,,,,,,,,,
,st374,4,Commands and Terminology,sk0374,a-26335,Trained,,,,,,,,,
,st375,5,Parts of the Body,sk0375,a-26335,Trained,,,,,,,,,
,st376,6,"Directions, Relationships, and Movements",sk0376,a-26335,Trained,,,,,,,,,
,st377,7,Five Principles of a Warrior,sk0377,a-26335,Trained,,,,,,,,,
,st378,8,Forms,sk0378,a-26335,Trained,,,,,,,,,
,st379,9,Basic Techniques,sk0379,a-26335,Trained,,,,,,,,,
,st380,10,You-Won-Hwa,sk0380,a-26335,Trained,,,,,,,,,
,st381,11,History of Kuk Sool Weapons,sk0381,a-26335,Trained,,,,,,,,,
,st382,12,What is Ki,sk0382,a-26335,Trained,,,,,,,,,
,st383,13,Breathing,sk0383,a-26335,Trained,,,,,,,,,
,st384,14,Modern History of Kuk Sool Won,sk0384,a-26335,Trained,,,,,,,,,
,st385,15,Basic Pressure Points,sk0385,a-26335,Trained,,,,,,,,,
,st386,16,Blocking,sk0386,a-26335,Trained,,,,,,,,,
,st387,17,Locating the Target,sk0387,a-26335,Trained,,,,,,,,,
,st388,18,Sah Doh Mu Sool,sk0388,a-26335,In Progress,,,,,,,,,
,st389,19,Bool Kyo MU Sool,sk0389,a-26335,In Progress,,,,,,,,,
,st390,20,Koong Joong Mu Sool,sk0390,a-26335,In Progress,,,,,,,,,
,st391,1,Juhl Bong Hyung,sk0391,a-26335,In Progress,,,,,,,,,
,st392,2,Juhl Bong Hyung,sk0392,a-26335,In Progress,,,,,,,,,
,st393,1,Joong Bong Il Hyung,sk0393,a-26335,Trained,,,,,,,,,
,st394,2,Joong Bong Il Hyung ,sk0394,a-26335,Trained,,,,,,,,,
,st395,1,Juhl Bong ,sk0395,a-26335,In Progress,,,,,,,,,
,st396,2,Juhl Bong ,sk0396,a-26335,In Progress,,,,,,,,,
,st397,3,Juhl Bong ,sk0397,a-26335,In Progress,,,,,,,,,
,st398,4,Juhl Bong ,sk0398,a-26335,In Progress,,,,,,,,,
,st399,5,Juhl Bong ,sk0399,a-26335,In Progress,,,,,,,,,
,st400,6,Juhl Bong ,sk0400,a-26335,In Progress,,,,,,,,,
,st401,7,Juhl Bong ,sk0401,a-26335,In Progress,,,,,,,,,
,st402,8,Juhl Bong ,sk0402,a-26335,In Progress,,,,,,,,,
,st403,9,Juhl Bong ,sk0403,a-26335,In Progress,,,,,,,,,
,st404,1,Bong Do Liki,sk0404,a-26335,Trained,,,,,,,,,
,st405,2,Bong Do Liki,sk0405,a-26335,Trained,,,,,,,,,
,st406,3,Bong Do Liki,sk0406,a-26335,Trained,,,,,,,,,
,st407,4,Bong Do Liki,sk0407,a-26335,Trained,,,,,,,,,
,st408,5,Bong Do Liki,sk0408,a-26335,Trained,,,,,,,,,
,st409,6,Bong Do Liki,sk0409,a-26335,Trained,,,,,,,,,
,st410,7,Bong Do Liki,sk0410,a-26335,Trained,,,,,,,,,
,st411,8,Bong Do Liki,sk0411,a-26335,Trained,,,,,,,,,
,st412,9,Bong Do Liki,sk0412,a-26335,Trained,,,,,,,,,
,st413,10,Bong Do Liki,sk0413,a-26335,Trained,,,,,,,,,
,st414,11,Bong Do Liki,sk0414,a-26335,Trained,,,,,,,,,
,st415,12,Bong Do Liki,sk0415,a-26335,Trained,,,,,,,,,
,st416,13,Bong Do Liki,sk0416,a-26335,Trained,,,,,,,,,
,st417,14,Bong Do Liki,sk0417,a-26335,Trained,,,,,,,,,
,st418,1,Sword Cutting Technique,sk0418,a-26335,Untrained,,,,,,,,,
,st419,2,Sword Cutting Technique,sk0419,a-26335,Untrained,,,,,,,,,
,st420,3,Sword Cutting Technique,sk0420,a-26335,Untrained,,,,,,,,,
,st421,4,Sword Cutting Technique,sk0421,a-26335,Untrained,,,,,,,,,
,st422,5,Sword Cutting Technique,sk0422,a-26335,Untrained,,,,,,,,,
,st423,6,Sword Cutting Technique,sk0423,a-26335,Untrained,,,,,,,,,
,,,,,,,,,,,,,,,
MEMBERSHIP,,,,,,,,,,,,,,,
,ms0001,1,Trial,,,,,,,,,,,,
,ms0002,2,Standard,,,,,,,,,,,,
,ms0003,3,Black Belt Club,,,,,,,,,,,,
,ms0004,4,Master's Club,,,,,,,,,,,,
,,,,,,,,,,,,,,,
SCHOOL,,,,,,,,,,,,,,,
,keyId,serialNumber,name,address,phone,,,,,,,,,,
,dj0001,1,Brownsville ,1600 E Alton Gloor Rd Suite 110 Brownsville Tx. 78526,9563718431,,,,,,,,,,
,,,,,,,,,,,,,,,
student,,,,,,,,,,,,,,,
,keyId,serialNumber,LastName,firstName,age,rankId,testEligible,testDate,phone,email,address,membershipId,memberSince,renewalDate,schoolId
,a-26335,1,Barkle,John,55,rb016,no,1/1/2030,5037814275,johnbarkle@msn.com,0,ms0004,22-Aug,1-Apr,dj0001
