Object,Count,Key,Rank,Learning Objective,Name,Type,Status,Descriptiion,
Syllibus,1,S1,1,Etiquette,Do Jahng Etiquette,Standard,Untrained,Customs/Courtesies,
Syllibus,2,S2,1,Etiquette,Bowing,Standard,Untrained,Types/occasions involving bowing,
Syllibus,3,S3,1,Etiquette,Uniforms,Standard,Untrained,Proper way to wear the uniform,
Syllibus,4,S4,2,Etiquette,Hwarang Do Sesok O-Gye,Standard,Untrained,Code Of Ethics,
Syllibus,5,S5,2,Etiquette,Kuk Sool Won Creed,Standard,Untrained,Student Oath,
Syllibus,6,S6,3,Etiquette,Handling Weapons,Standard,Untrained,Handling Weapons,
Syllibus,7,S7,3,Etiquette,Sparring,Standard,Untrained,Sparring,
Syllibus,8,S8,4,Etiquette,Teaching Others,Standard,Untrained,Teaching Others,
Syllibus,9,S9,3,Foundation,Stances,Standard,Untrained,Foundations of  a Mmatial Arts Stance,
Syllibus,10,S10,3,Foundation,History of Kuk Sool Weapons,Theory,Untrained,History of Kuk Sool Weapons,
Syllibus,11,S11,4,Foundation,Modern History of Kuk Sool Won,Theory,Untrained,Modern History of Kuk Sool Won,
Syllibus,12,S12,4,Foundation,Basic Pressure Points,Theory,Untrained,Basic Pressure Points,
Syllibus,13,S13,4,Foundation,Blocking,Theory,Untrained,Blocking,
Syllibus,14,S14,5,Foundation,Locating the Target,Theory,Untrained,Locating the Target,
Syllibus,15,S15,7,Foundation,Sah Doh Mu Sool,Theory,Untrained,History of Tribal/Family Martial Arts In Korea,
Syllibus,16,S16,8,Foundation,Bool Kyo MU Sool,Theory,Untrained,History of Buddhist Temple,
Syllibus,17,S17,9,Foundation,Koong Joong Mu Sool,Theory,Untrained, History of the Korean Royal Palace,
Syllibus,18,S18,1,Foundation,Five Principles of a Warrior,Theory,Untrained,Moral Character,
Syllibus,19,S19,1,Foundation,Forms,Theory,Untrained,Purpose/Execution of forms,
Syllibus,20,S20,1,Foundation,Basic Techniques,Theory,Untrained,"What is a ""Technique""?",
Syllibus,21,S21,2,Foundation,You-Won-Hwa,Theory,Untrained,Water,
Syllibus,22,S22,3,Foundation,History of Kuk Sool Weapons,Theory,Untrained,History of Kuk Sool Weapons,
Syllibus,23,S23,3,Foundation,What is Ki,Theory,Untrained,What is Ki,
Syllibus,24,S24,3,Foundation,Breathing,Theory,Untrained,Breathing,
Syllibus,25,S25,1,Jah Se 1,Cha Ryuht,Stance,Untrained,Attention,
Syllibus,26,S26,1,Jah Se 2,Kong Kyuk Jah Se,Stance,Untrained,Left Fighting Stance,
Syllibus,27,S27,1,Jah Se 3,Bahng Uh Jah Se,Stance,Untrained,Right Fighting Stance,
Syllibus,28,S28,1,Jah Se 4,Ki Mah Jah Se,Stance,Untrained,Horse Stance,
Syllibus,29,S29,1,Jah Se 5,Juhn Guhl Jah se,Stance,Untrained,Front Stance,
Syllibus,30,S30,1,Jah Se 6,Crane  Stance,Stance,Untrained,Front Stance,
Syllibus,31,S31,2,Jah Se 7,Dragon Stance,Stance,Untrained,Dragon Stance,
Syllibus,32,S32,2,Jah Se 8,Cat Stance,Stance,Untrained,Cat Stance,
Syllibus,33,S33,1,Learning Korean,Count to 10,Terminology,Untrained,Counting in Korean,
Syllibus,34,S34,2,Learning Korean,Names of Ranks,Terminology,Untrained,Names and Titles,
Syllibus,35,S35,2,Learning Korean,Names of Foots Attacks,Terminology,Untrained,Names of Foots Attacks,
Syllibus,36,S36,3,Learning Korean,Commands and Terminology,Terminology,Untrained,Commands and Terminology,
Syllibus,37,S37,4,Learning Korean,Parts of the Body,Terminology,Untrained,Parts of the Body,
Syllibus,38,S38,4,Learning Korean,"Directions, Relationships, and Movements",Terminology,Untrained,"Directions, Relationships, and Movements",
Syllibus,39,S39,1,Breating Excercises,Dahn Juhn Ki Bub 1,Meditation,Untrained,Dahn Juhn Ki Bub 1,
Syllibus,40,S40,1,Breating Excercises,Dahn Juhn Ki Bub 2,Meditation,Untrained,Dahn Juhn Ki Bub 2,
Syllibus,41,S41,2,Breating Excercises,Dahn Juhn Ki Bub 3,Meditation,Untrained,Dahn Juhn Ki Bub 3,
Syllibus,42,S42,2,Breating Excercises,Dahn Juhn Ki Bub 4,Meditation,Untrained,Dahn Juhn Ki Bub 4,
Syllibus,43,S43,3,Breating Excercises,Dahn Juhn Ki Bub 5,Meditation,Untrained,Dahn Juhn Ki Bub 5,
Syllibus,44,S44,3,Breating Excercises,Dahn Juhn Ki Bub 6,Meditation,Untrained,Dahn Juhn Ki Bub 6,
Syllibus,45,S45,4,Breating Excercises,Dahn Juhn Ki Bub 7,Meditation,Untrained,Dahn Juhn Ki Bub 7,
Syllibus,46,S46,4,Breating Excercises,Dahn Juhn Ki Bub 8,Meditation,Untrained,Dahn Juhn Ki Bub 8,
Syllibus,47,S47,5,Breating Excercises,Dahn Juhn Ki Bub 9,Meditation,Untrained,Dahn Juhn Ki Bub 9,
Syllibus,48,S48,5,Breating Excercises,Dahn Juhn Ki Bub 10,Meditation,Untrained,Dahn Juhn Ki Bub 10,
Syllibus,49,S49,6,Breating Excercises,Dahn Juhn Ki Bub 11,Meditation,Untrained,Dahn Juhn Ki Bub 11,
Syllibus,50,S50,6,Breating Excercises,Dahn Juhn Ki Bub 12,Meditation,Untrained,Dahn Juhn Ki Bub 12,
Syllibus,51,S51,1,Ki Exercise,Ki Cho Jah Ki 1,Meditation,Untrained,Winging out: Technique : Horse Stance,
Syllibus,52,S52,1,Ki Exercise 2,Ki Cho Jah Ki 2,Meditation,Untrained,Winging out: Crossed Arms,
Syllibus,53,S53,1,Ki Exercise 3,Ki Cho Jah Ki 3,Meditation,Untrained,Winging out: iron Cross,
Syllibus,54,S54,1,Ki Exercise 4,Ki Cho Jah Ki 4,Meditation,Untrained,Winging out: Squat,
Syllibus,55,S55,1,Ki Exercise 5,Ki Cho Jah Ki 5,Meditation,Untrained,Winging out: Arm thrust,
Syllibus,56,S56,1,Ki Exercise 6,Ki Cho Jah Ki 6,Meditation,Untrained,Winging out: Side,
Syllibus,57,S57,1,Warm-up,Mohm Puhl Ki ,Conditioning,Untrained,1-Forward/Back Stretch,
Syllibus,58,S58,1,Warm-up,Mohm Puhl Ki ,Conditioning,Untrained,2-Look Up/Down,
Syllibus,59,S59,1,Warm-up,Mohm Puhl Ki ,Conditioning,Untrained,3-Look Side/Side,
Syllibus,60,S60,1,Warm-up,Mohm Puhl Ki ,Conditioning,Untrained,4-Rotate Head,
Syllibus,61,S61,1,Warm-up,Mohm Puhl Ki ,Conditioning,Untrained,5-Rotate Arms,
Syllibus,62,S62,1,Warm-up,Mohm Puhl Ki ,Conditioning,Untrained,6-Rotate Hips,
Syllibus,63,S63,1,Warm-up,Mohm Puhl Ki ,Conditioning,Untrained,7-Knee Bends,
Syllibus,64,S64,1,Warm-up,Mohm Puhl Ki ,Conditioning,Untrained,8-Rotate Knees,
Syllibus,65,S65,1,Warm-up,Mohm Puhl Ki ,Conditioning,Untrained,9-Stretch Over knees,
Syllibus,66,S66,1,Warm-up,Mohm Puhl Ki ,Conditioning,Untrained,10-Long Stretch,
Syllibus,67,S67,1,Warm-up,Mohm Puhl Ki ,Conditioning,Untrained,11-Grab Toes,
Syllibus,68,S68,1,Warm-up,Mohm Puhl Ki ,Conditioning,Untrained,12-Ankle Circles,
Syllibus,69,S69,1,Warm-up,Mohm Puhl Ki ,Conditioning,Untrained,13-Knee Extensions,
Syllibus,70,S70,1,Warm-up,Mohm Puhl Ki ,Conditioning,Untrained,14-Bent Leg Stretch,
Syllibus,71,S71,1,Warm-up,Mohm Puhl Ki ,Conditioning,Untrained,15-Bent Leg Long Stretch,
Syllibus,72,S72,1,Warm-up,Mohm Puhl Ki ,Conditioning,Untrained,16-Straddle Stretch,
Syllibus,73,S73,1,Warm-up,Mohm Puhl Ki ,Conditioning,Untrained,17-Rowing Motion,
Syllibus,74,S74,1,Warm-up,Mohm Puhl Ki ,Conditioning,Untrained,18-Forward Straddle Stretch,
Syllibus,75,S75,1,Warm-up,Mohm Puhl Ki ,Conditioning,Untrained,19-Butterfly Bounce,
Syllibus,76,S76,1,Warm-up,Mohm Puhl Ki ,Conditioning,Untrained,20-Butterfly Knees,
Syllibus,77,S77,1,Warm-up,Mohm Puhl Ki ,Conditioning,Untrained,21-Finger Stretch,
Syllibus,78,S78,1,Warm-up,Mohm Puhl Ki ,Conditioning,Untrained,22-Wrist Twist,
Syllibus,79,S79,1,Warm-up,Mohm Puhl Ki ,Conditioning,Untrained,23-Roll Back,
Syllibus,80,S80,1,Warm-up,Mohm Puhl Ki ,Conditioning,Untrained,24-Shoulder Stand,
Syllibus,81,S81,1,Warm-up,Mohm Puhl Ki ,Conditioning,Untrained,25-Bicycle Kick,
Syllibus,82,S82,1,Warm-up,Mohm Puhl Ki ,Conditioning,Untrained,26-Back Arch,
Syllibus,83,S83,1,Warm-up,Mohm Puhl Ki ,Conditioning,Untrained,27-Hip Raise,
Syllibus,84,S84,1,Warm-up,Mohm Puhl Ki ,Conditioning,Untrained,28-Hip Raise with Support,
Syllibus,85,S85,1,Warm-up,Mohm Puhl Ki ,Conditioning,Untrained,29-Full Bridge,
Syllibus,86,S86,1,Warm-up,Mohm Puhl Ki ,Conditioning,Untrained,30-Raise Head/Shoulders,
Syllibus,87,S87,1,Warm-up,Mohm Puhl Ki ,Conditioning,Untrained,31-Raise Leg/Feet,
Syllibus,88,S88,1,Warm-up,Mohm Puhl Ki ,Conditioning,Untrained,32-Raise head and Feet,
Syllibus,89,S89,1,Warm-up,Mohm Puhl Ki ,Conditioning,Untrained,33-Grab Ankles,
Syllibus,90,S90,1,Warm-up,Mohm Puhl Ki ,Conditioning,Untrained,34-Back Stretch,
Syllibus,91,S91,1,Open Hand Strikes,Soo Ki 1,Technique,Untrained,Inside Block,
Syllibus,92,S92,1,Open Hand Strikes,Soo Ki 2,Technique,Untrained,High Low Cover,
Syllibus,93,S93,1,Open Hand Strikes,Soo Ki 3,Technique,Untrained,High Low Middle Block,
Syllibus,94,S94,1,Open Hand Strikes,Soo Ki 4,Technique,Untrained,Up Cover,
Syllibus,95,S95,1,Open Hand Strikes,Soo Ki 5,Technique,Untrained,Cross Block (X-Cover),
Syllibus,96,S96,1,Open Hand Strikes,Soo Ki 6,Technique,Untrained,Straight Punch,
Syllibus,97,S97,1,Open Hand Strikes,Soo Ki 7,Technique,Untrained,Palm Strike,
Syllibus,98,S98,1,Open Hand Strikes,Soo Ki 8,Technique,Untrained,Ridge Hand Strike,
Syllibus,99,S99,1,Open Hand Strikes,Soo Ki 9,Technique,Untrained,Spear Hand Chop,
Syllibus,100,S100,1,Open Hand Strikes,Soo Ki 10,Technique,Untrained,Elbow Strike,
Syllibus,101,S101,1,Open Hand Strikes,Soo Ki 11,Technique,Untrained,Circle Knife Hand,
Syllibus,102,S102,2,Open Hand Strikes,Soo Ki 12,Technique,Untrained,Four Winds Block,
Syllibus,103,S103,2,Open Hand Strikes,Soo Ki 13,Technique,Untrained,Double High Knife Block,
Syllibus,104,S104,2,Open Hand Strikes,Soo Ki 14,Technique,Untrained,One Two Punch,
Syllibus,105,S105,2,Open Hand Strikes,Soo Ki 15,Technique,Untrained,Circle Back Fist,
Syllibus,106,S106,2,Open Hand Strikes,Soo Ki 16,Technique,Untrained,Vertical Spear Hand Strike,
Syllibus,107,S107,2,Open Hand Strikes,Soo Ki 17,Technique,Untrained,Double Knife Chop,
Syllibus,108,S108,2,Open Hand Strikes,Soo Ki 18,Technique,Untrained,Parallel-Double Palm Strike,
Syllibus,109,S109,3,Open Hand Strikes,Soo Ki 19,Technique,Untrained,Hand Techniques,
Syllibus,110,S110,3,Open Hand Strikes,Soo Ki 20,Technique,Untrained,Hand Techniques,
Syllibus,111,S111,3,Open Hand Strikes,Soo Ki 21,Technique,Untrained,Hand Techniques,
Syllibus,112,S112,3,Open Hand Strikes,Soo Ki 22,Technique,Untrained,Hand Techniques,
Syllibus,113,S113,3,Open Hand Strikes,Soo Ki 23,Technique,Untrained,Hand Techniques,
Syllibus,114,S114,3,Open Hand Strikes,Soo Ki 24,Technique,Untrained,Hand Techniques,
Syllibus,115,S115,3,Open Hand Strikes,Soo Ki 25,Technique,Untrained,Hand Techniques,
Syllibus,116,S116,3,Open Hand Strikes,Soo Ki 26,Technique,Untrained,Hand Techniques,
Syllibus,117,S117,3,Open Hand Strikes,Soo Ki 27,Technique,Untrained,Hand Techniques,
Syllibus,118,S118,3,Open Hand Strikes,Soo Ki 28,Technique,Untrained,Hand Techniques,
Syllibus,119,S119,3,Open Hand Strikes,Soo Ki 29,Technique,Untrained,Hand Techniques,
Syllibus,120,S120,4,Open Hand Strikes,Soo Ki 30,Technique,Untrained,One two Spin Chop,
Syllibus,121,S121,4,Open Hand Strikes,Soo Ki 31,Technique,Untrained,Tiger's Mouth,
Syllibus,122,S122,4,Open Hand Strikes,Soo Ki 32,Technique,Untrained,Tiger's Claw,
Syllibus,123,S123,5,Open Hand Strikes,Soo Ki 33,Technique,Proficient,Praying Mantis Block,
Syllibus,124,S124,5,Open Hand Strikes,Soo Ki 34,Technique,Proficient,Triple Punch,
Syllibus,125,S125,5,Open Hand Strikes,Soo Ki 35,Technique,Proficient,Little Finger hammer Fist,
Syllibus,126,S126,5,Open Hand Strikes,Soo Ki 36,Technique,Proficient,One Finger Fist,
Syllibus,127,S127,6,Open Hand Strikes,Soo Ki 37,Technique,Proficient,Thumb Strike,
Syllibus,128,S128,6,Open Hand Strikes,Soo Ki 38,Technique,Proficient,One Finger Poke,
Syllibus,129,S129,6,Open Hand Strikes,Soo Ki 39,Technique,Proficient,Two Finger Poke,
Syllibus,130,S130,6,Open Hand Strikes,Soo Ki 40,Technique,Proficient,Five Finger Strike,
Syllibus,131,S131,8,Open Hand Strikes,Soo Ki 41,Technique,Proficient,V-Double Palm Strike,
Syllibus,132,S132,1,Leg Strikes,Johk Sool 1,Technique,Untrained,Straight Leg Kick,
Syllibus,133,S133,1,Leg Strikes,Johk Sool 2,Technique,Untrained,Front Kick,
Syllibus,134,S134,1,Leg Strikes,Johk Sool 3,Technique,Untrained,Inside Kick,
Syllibus,135,S135,1,Leg Strikes,Johk Sool 4,Technique,Untrained,Side Kick,
Syllibus,136,S136,2,Leg Strikes,Johk Sool 5,Technique,Untrained,Side Kick,
Syllibus,137,S137,2,Leg Strikes,Johk Sool 6,Technique,Untrained,Knee Kick,
Syllibus,138,S138,2,Leg Strikes,Johk Sool 7,Technique,Untrained,Round Kick,
Syllibus,139,S139,2,Leg Strikes,Johk Sool 8,Technique,Untrained,Outside Kick,
Syllibus,140,S140,4,Leg Strikes,Johk Sool 9,Technique,Untrained,Axe Kick,
Syllibus,141,S141,5,Leg Strikes,Johk Sool 10,Technique,Untrained,High Spin Kick,
Syllibus,142,S142,5,Leg Strikes,Johk Sool 11,Technique,Untrained,Jump Front Kick,
Syllibus,143,S143,6,Leg Strikes,Johk Sool 12,Technique,Untrained,Jump Side Kick,
Syllibus,144,S144,6,Leg Strikes,Johk Sool 13,Technique,Untrained,Jump Round Kick,
Syllibus,145,S145,7,Leg Strikes,Johk Sool 14,Technique,Untrained,Back Kick,
Syllibus,146,S146,7,Leg Strikes,Johk Sool 15,Technique,Untrained,Hook Kick,
Syllibus,147,S147,8,Leg Strikes,Johk Sool 16,Technique,Untrained,Inverted Stomp Kick,
Syllibus,148,S148,8,Leg Strikes,Johk Sool 17,Technique,Untrained,Inverted Round Kick,
Syllibus,149,S149,8,Leg Strikes,Johk Sool 18,Technique,Untrained,Inverted Side kick,
Syllibus,150,S150,9,Leg Strikes,Johk Sool 19,Technique,Untrained,Jump Spin Side Kick,
Syllibus,151,S151,9,Leg Strikes,Johk Sool 20,Technique,Untrained,Jump Spin Kick,
Syllibus,152,S152,9,Leg Strikes,Johk Sool 21,Technique,Untrained,R-Jump Round Kick,
Syllibus,153,S153,9,Leg Strikes,Johk Sool 22,Technique,Untrained,Low Spin Kick,
Syllibus,154,S154,1,Escape/Fall,Ahp Nak Bub,Escape/Fall,Untrained,Front Fall,
Syllibus,155,S155,1,Escape/Fall,Dee Nak Bub,Escape/Fall,Untrained,Back Fall,
Syllibus,156,S156,1,Escape/Fall,Yuhp Nak Bub,Escape/Fall,Untrained,Side Fall,
Syllibus,157,S157,1,Escape/Fall,Ahp Yuhp Nak Bub,Escape/Fall,Untrained,Front Side Fall,
Syllibus,158,S158,1,Escape/Fall,Hweh Juhn Nak Bub,Escape/Fall,Untrained,Rolling Fall,
Syllibus,159,S159,2,Escape/Fall,Goh Yahng Ee Nak Bub,Escape/Fall,Untrained,Cat Roll,
Syllibus,160,S160,2,Escape/Fall,Doo Sohn Poong Cha,Escape/Fall,Untrained,Cart Wheel,
Syllibus,161,S161,3,Escape/Fall,Hahn Sohn Poong Cha,Escape/Fall,Untrained,One Hand Cart-wheel,
Syllibus,162,S162,4,Escape/Fall,Gong Joong Hweh Juhn Nak Bub,Escape/Fall,Untrained,High Roll Fall,
Syllibus,163,S163,5,Escape/Fall,Gong Joong Ahp Nak Bub,Escape/Fall,Untrained,High Front Fall,
Syllibus,164,S164,5,Escape/Fall,Pahl Kum Chi Poong Cha,Escape/Fall,Untrained,Elbow Cart-wheel,
Syllibus,165,S165,6,Escape/Fall,Gong Joong Dee Nak Bub,Escape/Fall,Untrained,High Back Fall,
Syllibus,166,S166,6,Escape/Fall,Gon Joong Poong Cha,Escape/Fall,Untrained,Aerial (No Hand),
Syllibus,167,S167,7,Escape/Fall,Gong Joong Hweh Juhn Nak Bub,Escape/Fall,Untrained,High Roll Fall,
Syllibus,168,S168,8,Escape/Fall,Doo Sohn Aho Poong Cha,Escape/Fall,Untrained,Hand Spring,
Syllibus,169,S169,10,Escape/Fall,Ahp Gong Joong Hweh Juhn Nak Bub,Escape/Fall,Untrained,Front Flip,
Syllibus,170,S170,1,Wrist Escapes: ,Sohnh Ppae Ki 1,Technique,Untrained,Thumb Up: Rotate up and out.,
Syllibus,171,S171,1,Wrist Escapes: ,Sohnh Ppae Ki 2,Technique,Untrained,Thumb Left; Rotate Left Horizontally and out,
Syllibus,172,S172,1,Wrist Escapes: ,Sohnh Ppae Ki 3,Technique,Untrained,"Thumb Down; Rotate forward, down, and out",
Syllibus,173,S173,1,Wrist Escapes: ,Sohnh Ppae Ki 4,Technique,Untrained,"Thumb Right, Palm Up Shoot Out 45 degree",
Syllibus,174,S174,1,Wrist Escapes: ,Sohnh Ppae Ki 5,Technique,Untrained,"Rotate Clockwise, Knife Edge Left",
Syllibus,175,S175,1,Fundamental Technique,Ki Bohn Soo 1,Technique,Untrained,Fundamental Technique,
Syllibus,176,S176,1,Fundamental Technique,Ki Bohn Soo 2,Technique,Untrained,Fundamental Technique,
Syllibus,177,S177,1,Fundamental Technique,Ki Bohn Soo 3,Technique,Untrained,Fundamental Technique,
Syllibus,178,S178,1,Fundamental Technique,Ki Bohn Soo 4,Technique,Untrained,Fundamental Technique,
Syllibus,179,S179,1,Fundamental Technique,Ki Bohn Soo 5,Technique,Untrained,Fundamental Technique,
Syllibus,180,S180,2,Fundamental Technique,Ki Bohn Soo 6,Technique,Untrained,Fundamental Technique,
Syllibus,181,S181,2,Fundamental Technique,Ki Bohn Soo 7,Technique,Untrained,Fundamental Technique,
Syllibus,182,S182,2,Fundamental Technique,Ki Bohn Soo 8,Technique,Untrained,Fundamental Technique,
Syllibus,183,S183,2,Fundamental Technique,Ki Bohn Soo 9,Technique,Untrained,Fundamental Technique,
Syllibus,184,S184,2,Fundamental Technique,Ki Bohn Soo 10,Technique,Untrained,Fundamental Technique,
Syllibus,185,S185,2,Fundamental Technique,Ki Bohn Soo 11,Technique,Untrained,Fundamental Technique,
Syllibus,186,S186,2,Fundamental Technique,Ki Bohn Soo 12,Technique,Untrained,Fundamental Technique,
Syllibus,187,S187,2,Fundamental Technique,Ki Bohn Soo 13,Technique,Untrained,Fundamental Technique,
Syllibus,188,S188,2,Fundamental Technique,Ki Bohn Soo 14,Technique,Untrained,Fundamental Technique,
Syllibus,189,S189,2,Fundamental Technique,Ki Bohn Soo 15,Technique,Untrained,Fundamental Technique,
Syllibus,190,S190,3,Defense Against Wrist Grab,Sohn Mohk Soo 1,Technique,Untrained,Fundamental Technique,
Syllibus,191,S191,3,Defense Against Wrist Grab,Sohn Mohk Soo 2,Technique,Untrained,Fundamental Technique,
Syllibus,192,S192,3,Defense Against Wrist Grab,Sohn Mohk Soo 3,Technique,Untrained,Fundamental Technique,
Syllibus,193,S193,3,Defense Against Wrist Grab,Sohn Mohk Soo 4,Technique,Untrained,Fundamental Technique,
Syllibus,194,S194,3,Defense Against Wrist Grab,Sohn Mohk Soo 5,Technique,Untrained,Fundamental Technique,
Syllibus,195,S195,3,Defense Against Wrist Grab,Sohn Mohk Soo 6,Technique,Untrained,Fundamental Technique,
Syllibus,196,S196,5,Defense Against Clothing Grab,Eue Bohk Soo 1,Technique,Untrained,Fundamental Technique,
Syllibus,197,S197,5,Defense Against Clothing Grab,Eue Bohk Soo 2,Technique,Untrained,Fundamental Technique,
Syllibus,198,S198,5,Defense Against Clothing Grab,Eue Bohk Soo 3,Technique,Untrained,Fundamental Technique,
Syllibus,199,S199,5,Defense Against Clothing Grab,Eue Bohk Soo 4,Technique,Untrained,Fundamental Technique,
Syllibus,200,S200,5,Defense Against Clothing Grab,Eue Bohk Soo 5,Technique,Untrained,Fundamental Technique,
Syllibus,201,S201,5,Defense Against Clothing Grab,Eue Bohk Soo 6,Technique,Untrained,Fundamental Technique,
Syllibus,202,S202,6,Defense Against Clothing Grab,Eue Bohk Soo 7,Technique,Untrained,Fundamental Technique,
Syllibus,203,S203,6,Defense Against Clothing Grab,Eue Bohk Soo 8,Technique,Untrained,Fundamental Technique,
Syllibus,204,S204,6,Defense Against Clothing Grab,Eue Bohk Soo 9,Technique,Untrained,Fundamental Technique,
Syllibus,205,S205,6,Defense Against Clothing Grab,Eue Bohk Soo 10,Technique,Untrained,Over-Belt Burn,
Syllibus,206,S206,6,Defense Against Clothing Grab,Eue Bohk Soo 11,Technique,Untrained,Over-Belt Chop,
Syllibus,207,S207,6,Defense Against Clothing Grab,Eue Bohk Soo 12,Technique,Untrained,Yuhl-Gyuhl Takedown,
Syllibus,208,S208,6,Defense Against Clothing Grab,Eue Bohk Soo 13,Technique,Untrained,Choon BooTakedown,
Syllibus,209,S209,7,Defense Against Clothing Grab,An Sohn Mok Soo 1,Technique,Untrained,Fingers,
Syllibus,210,S210,7,Defense Against Clothing Grab,An Sohn Mok Soo 2,Technique,Untrained,Elbow Drop,
Syllibus,211,S211,7,Defense Against Clothing Grab,An Sohn Mok Soo 3,Technique,Untrained,Backstreet,
Syllibus,212,S212,7,Defense Against Clothing Grab,An Sohn Mok Soo 4,Technique,Untrained,Elbow Chop,
Syllibus,213,S213,7,Defense Against Clothing Grab,An Sohn Mok Soo 5,Technique,Untrained,Hyperfoot,
Syllibus,214,S214,7,Defense Against Clothing Grab,An Sohn Mok Soo 6,Technique,Untrained,Indian Burm,
Syllibus,215,S215,8,Defense Against Clothing Grab,Maek Chi Ki 1,Technique,Untrained,Yuhl Gyuhl,
Syllibus,216,S216,8,Defense Against Clothing Grab,Maek Chi Ki 2,Technique,Untrained,Soo Sahm,
Syllibus,217,S217,8,Defense Against Clothing Grab,Maek Chi Ki 3,Technique,Untrained,Chuhn Boo,
Syllibus,218,S218,8,Defense Against Clothing Grab,Maek Chi Ki 4,Technique,Untrained,Geuk Chuhn,
Syllibus,219,S219,8,Defense Against Clothing Grab,Maek Chi Ki 5,Technique,Untrained,Hohn Soo,
Syllibus,220,S220,8,Defense Against Clothing Grab,Maek Chi Ki 6,Technique,Untrained,Gaek Joo In,
Syllibus,221,S221,8,Defense Against Clothing Grab,Maek Chi Ki 7,Technique,Untrained,Hahn Soo,
Syllibus,222,S222,8,Defense Against Clothing Grab,Maek Chi Ki 8,Technique,Untrained,Dae Po,
Syllibus,223,S223,8,Defense Against Clothing Grab,Maek Chi Ki 9,Technique,Untrained,UmKyo,
Syllibus,224,S224,8,Defense Against Clothing Grab,Maek Chi Ki 10,Technique,Untrained,Goo Mi,
Syllibus,225,S225,8,Defense Against Clothing Grab,Maek Chi Ki 11,Technique,Untrained,Yuhm Chuhn,
Syllibus,226,S226,8,Defense Against Clothing Grab,Maek Chi Ki 12,Technique,Untrained,Jahng Moon,
Syllibus,227,S227,8,Defense Against Clothing Grab,Maek Chi Ki 13,Technique,Untrained,Ah Moon,
Syllibus,228,S228,8,Defense Against Clothing Grab,Maek Chi Ki 14,Technique,Untrained,Shin Juhng,
Syllibus,229,S229,8,Defense Against Clothing Grab,Maek Chi Ki 15,Technique,Untrained,Yoo Geun,
Syllibus,230,S230,9,Defense Against Clothing Grab,Maek Cha Ki 1,Technique,Untrained,Sam Um Kyo,
Syllibus,231,S231,9,Defense Against Clothing Grab,Maek Cha Ki 2,Technique,Untrained,Dohk Bi,
Syllibus,232,S232,9,Defense Against Clothing Grab,Maek Cha Ki 3,Technique,Untrained,Wee Joong,
Syllibus,233,S233,9,Defense Against Clothing Grab,Maek Cha Ki 4,Technique,Untrained,Hyul Hae,
Syllibus,234,S234,9,Defense Against Clothing Grab,Maek Cha Ki 5,Technique,Untrained,Jahng Moon,
Syllibus,235,S235,9,Defense Against Clothing Grab,Maek Cha Ki 6,Technique,Untrained,Geuk Chuhn,
Syllibus,236,S236,9,Defense Against Clothing Grab,Maek Cha Ki 7,Technique,Untrained,Ki Hae,
Syllibus,237,S237,9,Defense Against Clothing Grab,Maek Cha Ki 8,Technique,Untrained,Goo Mi,
Syllibus,238,S238,9,Defense Against Clothing Grab,Maek Cha Ki 9,Technique,Untrained,Yuhm Chuhn,
Syllibus,239,S239,9,Defense Against Clothing Grab,Maek Cha Ki 10,Technique,Untrained,Hohn Soo,
Syllibus,240,S240,9,Defense Against Clothing Grab,Maek Cha Ki 11,Technique,Untrained,You Geun,
Syllibus,241,S241,9,Defense Against Clothing Grab,Maek Cha Ki 12,Technique,Untrained,Ah Moon,
Syllibus,242,S242,9,Defense Against Clothing Grab,Maek Cha Ki 13,Technique,Untrained,Gaek Joo,
Syllibus,243,S243,9,Defense Against Clothing Grab,Maek Cha Ki 14,Technique,Untrained,Dae Choo,
Syllibus,244,S244,9,Defense Against Clothing Grab,Maek Cha Ki 15,Technique,Untrained,Yahng Neung Chung,
Syllibus,245,S245,9,Defense Against Clothing Grab,Joo Muhk Maga Ki Bon Soo 1,Technique,Untrained,Throw Right,
Syllibus,246,S246,9,Defense Against Clothing Grab,Joo Muhk Maga Ki Bon Soo 2,Technique,Untrained,Throw Left,
Syllibus,247,S247,9,Defense Against Clothing Grab,Joo Muhk Maga Ki Bon Soo 3,Technique,Untrained,Elbow Throw,
Syllibus,248,S248,9,Defense Against Clothing Grab,Joo Muhk Maga Ki Bon Soo 4,Technique,Untrained,Cross Block Up,
Syllibus,249,S249,9,Defense Against Clothing Grab,Joo Muhk Maga Ki Bon Soo 5,Technique,Untrained,Cross Block down,
Syllibus,250,S250,9,Defense Against Clothing Grab,Joo Muhk Maga Ki Bon Soo 6,Technique,Untrained,Circle Block Chop,
Syllibus,251,S251,9,Defense Against Clothing Grab,Joo Muhk Maga Ki Bon Soo 7,Technique,Untrained,Cover down Left,
Syllibus,252,S252,9,Defense Against Clothing Grab,Joo Muhk Maga Ki Bon Soo 8,Technique,Untrained,Knife Attack,
Syllibus,253,S253,9,Defense Against Clothing Grab,Joo Muhk Maga Ki Bon Soo 9,Technique,Untrained,Hook Knee,
Syllibus,254,S254,9,Defense Against Clothing Grab,Joo Muhk Maga Ki Bon Soo 10,Technique,Untrained,Temple Thro,
Syllibus,255,S255,9,Defense Against Clothing Grab,Joo Muhk Maga Ki Bon Soo 11,Technique,Untrained,Chin Throw,
Syllibus,256,S256,9,Defense Against Clothing Grab,Joo Muhk Maga Ki Bon Soo 12,Technique,Untrained,Throat ,
Syllibus,257,S257,9,Defense Against Clothing Grab,Joo Muhk Maga Ki Bon Soo 13,Technique,Untrained,Kneel ,
Syllibus,258,S258,9,Defense Against Clothing Grab,Joo Muhk Maga Ki Bon Soo 14,Technique,Untrained,Low High,
Syllibus,259,S259,9,Defense Against Clothing Grab,Joo Muhk Maga Ki Bon Soo 15,Technique,Untrained,High Low,
Syllibus,260,S260,10,Defense Against Clothing Grab,Joong Geup Sohn Mok Soo 1,Form,Untrained,Intermediate Defense Against Wrist Grab,
Syllibus,261,S261,10,Defense Against Clothing Grab,Joong Geup Sohn Mok Soo 2,Form,Untrained,Intermediate Defense Against Wrist Grab,
Syllibus,262,S262,10,Defense Against Clothing Grab,Joong Geup Sohn Mok Soo 3,Form,Untrained,Intermediate Defense Against Wrist Grab,
Syllibus,263,S263,10,Defense Against Clothing Grab,Joong Geup Sohn Mok Soo 4,Form,Untrained,Intermediate Defense Against Wrist Grab,
Syllibus,264,S264,10,Defense Against Clothing Grab,Joong Geup Sohn Mok Soo 5,Form,Untrained,Intermediate Defense Against Wrist Grab,
Syllibus,265,S265,10,Defense Against Clothing Grab,Joong Geup Sohn Mok Soo 6,Form,Untrained,Intermediate Defense Against Wrist Grab,
Syllibus,266,S266,10,Defense Against Clothing Grab,Joong Geup Sohn Mok Soo 7,Form,Untrained,Intermediate Defense Against Wrist Grab,
Syllibus,267,S267,10,Defense Against Clothing Grab,Joong Geup Sohn Mok Soo 8,Form,Untrained,Intermediate Defense Against Wrist Grab,
Syllibus,268,S268,10,Defense Against Clothing Grab,Joong Geup Sohn Mok Soo 9,Form,Untrained,Intermediate Defense Against Wrist Grab,
Syllibus,269,S269,10,Defense Against Clothing Grab,Joong Geup Sohn Mok Soo 10,Form,Untrained,Intermediate Defense Against Wrist Grab,
Syllibus,270,S270,10,Defense Against Clothing Grab,Joong Geup Sohn Mok Soo 11,Form,Untrained,Intermediate Defense Against Wrist Grab,
Syllibus,271,S271,10,Defense Against Clothing Grab,Joong Geup Sohn Mok Soo 12,Form,Untrained,Intermediate Defense Against Wrist Grab,
Syllibus,272,S272,10,Defense Against Clothing Grab,Joong Geup Sohn Mok Soo 13,Form,Untrained,Intermediate Defense Against Wrist Grab,
Syllibus,273,S273,10,Defense Against Clothing Grab,Joong Geup Sohn Mok Soo 14,Form,Untrained,Intermediate Defense Against Wrist Grab,
Syllibus,274,S274,10,Defense Against Clothing Grab,Joong Geup Sohn Mok Soo 15,Form,Untrained,Intermediate Defense Against Wrist Grab,
Syllibus,275,S275,11,Defense Against Clothing Grab,Ap Eue Bohk Soo 1,Technique,Untrained,Defense Against Front Clothing Grab,
Syllibus,276,S276,11,Defense Against Clothing Grab,Ap Eue Bohk Soo 2,Technique,Untrained,Defense Against Front Clothing Grab,
Syllibus,277,S277,11,Defense Against Clothing Grab,Ap Eue Bohk Soo 3,Technique,Untrained,Defense Against Front Clothing Grab,
Syllibus,278,S278,11,Defense Against Clothing Grab,Ap Eue Bohk Soo 4,Technique,Untrained,Defense Against Front Clothing Grab,
Syllibus,279,S279,11,Defense Against Clothing Grab,Ap Eue Bohk Soo 5,Technique,Untrained,Defense Against Front Clothing Grab,
Syllibus,280,S280,11,Defense Against Clothing Grab,Ap Eue Bohk Soo 6,Technique,Untrained,Defense Against Front Clothing Grab,
Syllibus,281,S281,11,Defense Against Clothing Grab,Ap Eue Bohk Soo 7,Technique,Untrained,Defense Against Front Clothing Grab,
Syllibus,282,S282,11,Defense Against Clothing Grab,Ap Eue Bohk Soo 8,Technique,Untrained,Defense Against Front Clothing Grab,
Syllibus,283,S283,11,Defense Against Clothing Grab,Ap Eue Bohk Soo 9,Technique,Untrained,Defense Against Front Clothing Grab,
Syllibus,284,S284,11,Defense Against Clothing Grab,Ap Eue Bohk Soo 10,Technique,Untrained,Defense Against Front Clothing Grab,
Syllibus,285,S285,11,Defense Against Clothing Grab,Ap Eue Bohk Soo 11,Technique,Untrained,Defense Against Front Clothing Grab,
Syllibus,286,S286,11,Defense Against Clothing Grab,Ap Eue Bohk Soo 12,Technique,Untrained,Defense Against Front Clothing Grab,
Syllibus,287,S287,11,Defense Against Clothing Grab,Ap Eue Bohk Soo 13,Technique,Untrained,Defense Against Front Clothing Grab,
Syllibus,288,S288,11,Defense Against Clothing Grab,Ap Eue Bohk Soo 14,Technique,Untrained,Defense Against Front Clothing Grab,
Syllibus,289,S289,11,Defense Against Clothing Grab,Ap Eue Bohk Soo 15,Technique,Untrained,Defense Against Front Clothing Grab,
Syllibus,290,S290,11,Defense Against Clothing Grab,Ap Eue Bohk Soo 16,Technique,Untrained,Defense Against Front Clothing Grab,
Syllibus,291,S291,11,Defense Against Clothing Grab,Ap Eue Bohk Soo 17,Technique,Untrained,Defense Against Front Clothing Grab,
Syllibus,292,S292,11,Defense Against Clothing Grab,Ap Eue Bohk Soo 18,Technique,Untrained,Defense Against Front Clothing Grab,
Syllibus,293,S293,11,Defense Against Clothing Grab,Ap Eue Bohk Soo 19,Technique,Untrained,Defense Against Front Clothing Grab,
Syllibus,294,S294,11,Defense Against Clothing Grab,Ap Eue Bohk Soo 20,Technique,Untrained,Defense Against Front Clothing Grab,
Syllibus,295,S295,12,Defense Against Clothing Grab,Dae Eue Bok Soo 1,Technique,Untrained,Defense Against Rear Clothing Grab,
Syllibus,296,S296,12,Defense Against Clothing Grab,Dae Eue Bok Soo 2,Technique,Untrained,Defense Against Rear Clothing Grab,
Syllibus,297,S297,12,Defense Against Clothing Grab,Dae Eue Bok Soo 3,Technique,Untrained,Defense Against Rear Clothing Grab,
Syllibus,298,S298,12,Defense Against Clothing Grab,Dae Eue Bok Soo 4,Technique,Untrained,Defense Against Rear Clothing Grab,
Syllibus,299,S299,12,Defense Against Clothing Grab,Dae Eue Bok Soo 5,Technique,Untrained,Defense Against Rear Clothing Grab,
Syllibus,300,S300,12,Defense Against Clothing Grab,Dae Eue Bok Soo 6,Technique,Untrained,Defense Against Rear Clothing Grab,
Syllibus,301,S301,12,Defense Against Clothing Grab,Dae Eue Bok Soo 7,Technique,Untrained,Defense Against Rear Clothing Grab,
Syllibus,302,S302,12,Defense Against Clothing Grab,Dae Eue Bok Soo 8,Technique,Untrained,Defense Against Rear Clothing Grab,
Syllibus,303,S303,12,Defense Against Clothing Grab,Dae Eue Bok Soo 9,Technique,Untrained,Defense Against Rear Clothing Grab,
Syllibus,304,S304,12,Defense Against Clothing Grab,Dae Eue Bok Soo 10,Technique,Untrained,Defense Against Rear Clothing Grab,
Syllibus,305,S305,12,Defense Against Clothing Grab,Dae Eue Bok Soo 11,Technique,Untrained,Defense Against Rear Clothing Grab,
Syllibus,306,S306,12,Defense Against Clothing Grab,Dae Eue Bok Soo 12,Technique,Untrained,Defense Against Rear Clothing Grab,
Syllibus,307,S307,12,Defense Against Clothing Grab,Dae Eue Bok Soo 13,Technique,Untrained,Defense Against Rear Clothing Grab,
Syllibus,308,S308,12,Defense Against Clothing Grab,Dae Eue Bok Soo 14,Technique,Untrained,Defense Against Rear Clothing Grab,
Syllibus,309,S309,12,Defense Against Clothing Grab,Dae Eue Bok Soo 15,Technique,Untrained,Defense Against Rear Clothing Grab,
Syllibus,310,S310,12,Defense Against Clothing Grab,Dae Eue Bok Soo 16,Technique,Untrained,Defense Against Rear Clothing Grab,
Syllibus,311,S311,12,Defense Against Clothing Grab,Dae Eue Bok Soo 17,Technique,Untrained,Defense Against Rear Clothing Grab,
Syllibus,312,S312,12,Defense Against Clothing Grab,Dae Eue Bok Soo 18,Technique,Untrained,Defense Against Rear Clothing Grab,
Syllibus,313,S313,12,Defense Against Clothing Grab,Dae Eue Bok Soo 19,Technique,Untrained,Defense Against Rear Clothing Grab,
Syllibus,314,S314,12,Defense Against Clothing Grab,Dae Eue Bok Soo 20,Technique,Untrained,Defense Against Rear Clothing Grab,
Syllibus,315,S315,12,Defense Against Clothing Grab,Dae Eue Bok Soo 21,Technique,Untrained,Defense Against Rear Clothing Grab,
Syllibus,316,S316,12,Defense Against Clothing Grab,Dae Eue Bok Soo 22,Technique,Untrained,Defense Against Rear Clothing Grab,
Syllibus,317,S317,12,Defense Against Clothing Grab,Dae Eue Bok Soo 23,Technique,Untrained,Defense Against Rear Clothing Grab,
Syllibus,318,S318,13,Defense Against Clothing Grab,Kwahn Juhl Ki 1,Technique,Untrained,Defense Against ,
Syllibus,319,S319,13,Defense Against Clothing Grab,Kwahn Juhl Ki 2,Technique,Untrained,Defense Against ,
Syllibus,320,S320,13,Defense Against Clothing Grab,Kwahn Juhl Ki 3,Technique,Untrained,Defense Against ,
Syllibus,321,S321,13,Defense Against Clothing Grab,Kwahn Juhl Ki 4,Technique,Untrained,Defense Against ,
Syllibus,322,S322,13,Defense Against Clothing Grab,Kwahn Juhl Ki 5,Technique,Untrained,Defense Against ,
Syllibus,323,S323,13,Defense Against Clothing Grab,Kwahn Juhl Ki 6,Technique,Untrained,Defense Against ,
Syllibus,324,S324,13,Defense Against Clothing Grab,Kwahn Juhl Ki 7,Technique,Untrained,Defense Against ,
Syllibus,325,S325,13,Defense Against Clothing Grab,Kwahn Juhl Ki 8,Technique,Untrained,Defense Against ,
Syllibus,326,S326,13,Defense Against Clothing Grab,Kwahn Juhl Ki 9,Technique,Untrained,Defense Against ,
Syllibus,327,S327,13,Defense Against Clothing Grab,Kwahn Juhl Ki 10,Technique,Untrained,Defense Against ,
Syllibus,328,S328,13,Defense Against Clothing Grab,Kwahn Juhl Ki 11,Technique,Untrained,Defense Against ,
Syllibus,329,S329,13,Defense Against Clothing Grab,Kwahn Juhl Ki 12,Technique,Untrained,Defense Against ,
Syllibus,330,S330,13,Defense Against Clothing Grab,Kwahn Juhl Ki 13,Technique,Untrained,Defense Against ,
Syllibus,331,S331,14,Defense Against Clothing Grab,Bahng Too Ki 1,Technique,Untrained,Defense Against ,
Syllibus,332,S332,14,Defense Against Clothing Grab,Bahng Too Ki 2,Technique,Untrained,Defense Against ,
Syllibus,333,S333,14,Defense Against Clothing Grab,Bahng Too Ki 3,Technique,Untrained,Defense Against ,
Syllibus,334,S334,14,Defense Against Clothing Grab,Bahng Too Ki 4,Technique,Untrained,Defense Against ,
Syllibus,335,S335,14,Defense Against Clothing Grab,Bahng Too Ki 5,Technique,Untrained,Defense Against ,
Syllibus,336,S336,14,Defense Against Clothing Grab,Mohk Joh Leu Ki 1,Technique,Untrained,Defense Against ,
Syllibus,337,S337,14,Defense Against Clothing Grab,Mohk Joh Leu Ki 2,Technique,Untrained,Defense Against ,
Syllibus,338,S338,14,Defense Against Clothing Grab,Mohk Joh Leu Ki 3,Technique,Untrained,Defense Against ,
Syllibus,339,S339,14,Defense Against Clothing Grab,Mohk Joh Leu Ki 4,Technique,Untrained,Defense Against ,
Syllibus,340,S340,14,Defense Against Clothing Grab,Mohk Joh Leu Ki 5,Technique,Untrained,Defense Against ,
Syllibus,341,S341,15,Defense Against Clothing Grab,Too Ki 1,Technique,Untrained,Defense Against ,
Syllibus,342,S342,15,Defense Against Clothing Grab,Too Ki 2,Technique,Untrained,Defense Against ,
Syllibus,343,S343,15,Defense Against Clothing Grab,Too Ki 3,Technique,Untrained,Defense Against ,
Syllibus,344,S344,15,Defense Against Clothing Grab,Too Ki 4,Technique,Untrained,Defense Against ,
Syllibus,345,S345,15,Defense Against Clothing Grab,Too Ki 5,Technique,Untrained,Defense Against ,
Syllibus,346,S346,15,Defense Against Clothing Grab,Too Ki 6,Technique,Untrained,Defense Against ,
Syllibus,347,S347,15,Defense Against Clothing Grab,Too Ki 7,Technique,Untrained,Defense Against ,
Syllibus,348,S348,15,Defense Against Clothing Grab,Too Ki 8,Technique,Untrained,Defense Against ,
Syllibus,349,S349,15,Defense Against Clothing Grab,Yahng Sahn Mok Soo 1,Technique,Untrained,Defense Against Two Handed Wrist Grab,
Syllibus,350,S350,15,Defense Against Clothing Grab,Yahng Sahn Mok Soo 2,Technique,Untrained,Defense Against Two Handed Wrist Grab,
Syllibus,351,S351,15,Defense Against Clothing Grab,Yahng Sahn Mok Soo 3,Technique,Untrained,Defense Against Two Handed Wrist Grab,
Syllibus,352,S352,15,Defense Against Clothing Grab,Yahng Sahn Mok Soo 4,Technique,Untrained,Defense Against Two Handed Wrist Grab,
Syllibus,353,S353,15,Defense Against Clothing Grab,Yahng Sahn Mok Soo 5,Technique,Untrained,Defense Against Two Handed Wrist Grab,
Syllibus,354,S354,15,Defense Against Clothing Grab,Yahng Sahn Mok Soo 6,Technique,Untrained,Defense Against Two Handed Wrist Grab,
Syllibus,355,S355,15,Defense Against Clothing Grab,Yahng Sahn Mok Soo 7,Technique,Untrained,Defense Against Two Handed Wrist Grab,
Syllibus,356,S356,15,Defense Against Clothing Grab,Yahng Sahn Mok Soo 8,Technique,Untrained,Defense Against Two Handed Wrist Grab,
Syllibus,357,S357,16,Defense Against Clothing Grab,Ssahng Soo 1,Technique,Untrained,Defense Against Both Wrists Grabbed,
Syllibus,358,S358,16,Defense Against Clothing Grab,Ssahng Soo 2,Technique,Untrained,Defense Against Both Wrists Grabbed,
Syllibus,359,S359,16,Defense Against Clothing Grab,Ssahng Soo 3,Technique,Untrained,Defense Against Both Wrists Grabbed,
Syllibus,360,S360,16,Defense Against Clothing Grab,Ssahng Soo 4,Technique,Untrained,Defense Against Both Wrists Grabbed,
Syllibus,361,S361,16,Defense Against Clothing Grab,Ssahng Soo 5,Technique,Untrained,Defense Against Both Wrists Grabbed,
Syllibus,362,S362,16,Defense Against Clothing Grab,Dahn Do Mahk Ki 1,Technique,Untrained,Defense Against Knife Attacks,
Syllibus,363,S363,16,Defense Against Clothing Grab,Dahn Do Mahk Ki 2,Technique,Untrained,Defense Against Knife Attacks,
Syllibus,364,S364,16,Defense Against Clothing Grab,Dahn Do Mahk Ki 3,Technique,Untrained,Defense Against Knife Attacks,
Syllibus,365,S365,16,Defense Against Clothing Grab,Dahn Do Mahk Ki 4,Technique,Untrained,Defense Against Knife Attacks,
Syllibus,366,S366,16,Defense Against Clothing Grab,Dahn Do Mahk Ki 5,Technique,Untrained,Defense Against Knife Attacks,
Syllibus,367,S367,16,Defense Against Clothing Grab,Dahn Do Mahk Ki 6,Technique,Untrained,Defense Against Knife Attacks,
Syllibus,368,S368,16,Defense Against Clothing Grab,Dahn Do Mahk Ki 7,Technique,Untrained,Defense Against Knife Attacks,
Syllibus,369,S369,16,Defense Against Clothing Grab,Dahn Do Mahk Ki 8,Technique,Untrained,Defense Against Knife Attacks,
Syllibus,370,S370,16,Defense Against Clothing Grab,Dahn Do Mahk Ki 9,Technique,Untrained,Defense Against Knife Attacks,
Syllibus,371,S371,16,Defense Against Clothing Grab,Dahn Do Mahk Ki 10,Technique,Untrained,Defense Against Knife Attacks,
Syllibus,372,S372,16,Defense Against Clothing Grab,Dahn Do Mahk Ki 11,Technique,Untrained,Defense Against Knife Attacks,
Syllibus,373,S373,16,Defense Against Clothing Grab,Dahn Do Mahk Ki 12,Technique,Untrained,Defense Against Knife Attacks,
Syllibus,374,S374,16,Defense Against Clothing Grab,Dahn Do Mahk Ki 13,Technique,Untrained,Defense Against Knife Attacks,
Syllibus,375,S375,16,Defense Against Clothing Grab,Dahn Do Mahk Ki 14,Technique,Untrained,Defense Against Knife Attacks,
Syllibus,376,S376,16,Defense Against Clothing Grab,Dahn Do Mahk Ki 15,Technique,Untrained,Defense Against Knife Attacks,
Syllibus,377,S377,1,Fundamental Form Part 1,Ki Cho Hyung 1,Form,Untrained,Fundamental Form Part 1,
Syllibus,378,S378,1,Fundamental Form Part 2,Ki Cho Hyung 2,Form,Untrained,Fundamental Form Part 1,
Syllibus,379,S379,1,Fundamental Form Part 3,Ki Cho Hyung 3,Form,Untrained,Fundamental Form Part 1,
Syllibus,380,S380,2,Fundamental Form Part 4,Ki Cho Hyung 4,Form,Untrained,Fundamental Form Part 1,
Syllibus,381,S381,2,Fundamental Form Part 5,Ki Cho Hyung 5,Form,Untrained,Fundamental Form Part 1,
Syllibus,382,S382,2,Fundamental Form Part 6,Ki Cho Hyung 6,Form,Untrained,Fundamental Form Part 1,
Syllibus,383,S383,3,Elementary Level Form Part 1,Cho Geup Hyung Part 1,Form,Untrained,Elementary Level Form Part 1,
Syllibus,384,S384,4,Elementary Level Form Part 2,Cho Geup Hyung Part 2,Form,Untrained,Elementary Level Form Part 2,
Syllibus,385,S385,5,Intermediate Level form part 1,Joong Geup Hyung Part 1,Form,Untrained,Intermediate Level form part 1,
Syllibus,386,S386,6,Intermediate Level form part 2,Joong Geup Hyung Part 2,Form,Untrained,Intermediate Level form part 2,
Syllibus,387,S387,7,Advanced Level form part 1,Goh Geup Hyung Part 1,Form,Untrained,Advanced Level form part 1,
Syllibus,388,S388,8,Advanced Level form part 2,Goh Geup Hyung Part 2,Form,Untrained,Advanced Level form part 2,
Syllibus,389,S389,9,Advanced Level form part 1,Dae Geup Hyung Part 1,Form,Untrained,Advanced Level form part 1,
Syllibus,390,S390,10,Sword Form Part 1,Guhm Moo Hyung Part 1,Form,Untrained,Sword Form Part 1,
Syllibus,391,S391,11,Sword Form Part 2,Guhm Moo Hyung Part 2,Form,Untrained,Sword Form Part 2,
Syllibus,392,S392,3,Jointed Staff-Spinnig 1,Juhl Bong 1,Weapons (Technique),Untrained,Jointed Staff-Spinnig 1,
Syllibus,393,S393,3,Jointed Staff-Spinnig 2,Juhl Bong 2,Weapons (Technique),Untrained,Jointed Staff-Spinnig 2,
Syllibus,394,S394,4,Jointed Staff-Spinnig 3,Juhl Bong 3,Weapons (Technique),Untrained,Jointed Staff-Spinnig 3,
Syllibus,395,S395,4,Jointed Staff-Spinnig 4,Juhl Bong 4,Weapons (Technique),Untrained,Jointed Staff-Spinnig 4,
Syllibus,396,S396,5,Jointed Staff-Spinnig 5,Juhl Bong 5,Weapons (Technique),Untrained,Jointed Staff-Spinnig 5,
Syllibus,397,S397,5,Jointed Staff-Spinnig 6,Juhl Bong 6,Weapons (Technique),Untrained,Jointed Staff-Spinnig 6,
Syllibus,398,S398,6,Jointed Staff-Striking 1,Juhl Bong 7,Weapons (Technique),Untrained,Jointed Staff-Striking 1,
Syllibus,399,S399,6,Jointed Staff-Striking 2,Juhl Bong 8,Weapons (Technique),Untrained,Jointed Staff-Striking 2,
Syllibus,400,S400,7,Jointed Staff-Striking 3,Juhl Bong 9,Weapons (Technique),Untrained,Jointed Staff-Striking 3,
Syllibus,401,S401,7,Jointed Staff-Form,Juhl Bong Hyung Part 1,Weapons (Form),Untrained,Jointed Staff-Form,
Syllibus,402,S402,8,Jointed Staff-Form,Juhl Bong Hyung Part 2,Weapons (Form),Untrained,Jointed Staff-Form,
Syllibus,403,S403,8,Long Staff-Spinnig 1,Bong Do Liki 1,Weapons (Technique),Untrained,Long Staff-Spinnig 1,
Syllibus,404,S404,8,Long Staff-Spinnig 2,Bong Do Liki 2,Weapons (Technique),Untrained,Long Staff-Spinnig 2,
Syllibus,405,S405,8,Long Staff-Spinnig 3,Bong Do Liki 3,Weapons (Technique),Untrained,Long Staff-Spinnig 3,
Syllibus,406,S406,9,Long Staff-Spinnig 4,Bong Do Liki 4,Weapons (Technique),Untrained,Long Staff-Spinnig 4,
Syllibus,407,S407,9,Long Staff-Spinnig 5,Bong Do Liki 5,Weapons (Technique),Untrained,Long Staff-Spinnig 5,
Syllibus,408,S408,10,Long Staff-Spinnig 6,Bong Do Liki 6,Weapons (Technique),Untrained,Long Staff-Spinnig 6,
Syllibus,409,S409,10,Long Staff-Spinnig 7,Bong Do Liki 7,Weapons (Technique),Untrained,Long Staff-Spinnig 7,
Syllibus,410,S410,10,Long Staff-Spinnig 8,Bong Do Liki 8,Weapons (Technique),Untrained,Long Staff-Spinnig 8,
Syllibus,411,S411,11,Long Staff-Spinnig 9,Bong Do Liki  9a/9b,Weapons (Technique),Untrained,Long Staff-Spinnig 9,
Syllibus,412,S412,12,Long Staff-Spinnig 10,Bong Do Liki 11A/11B,Weapons (Technique),Untrained,Long Staff-Spinnig 10,
Syllibus,413,S413,12,Long Staff-Spinnig 11,Bong Do Liki 12A/12B,Weapons (Technique),Untrained,Long Staff-Spinnig 11,
Syllibus,414,S414,13,Long Staff-Spinnig 12,Bong Do Liki 13A/B,Weapons (Technique),Untrained,Long Staff-Spinnig 12,
Syllibus,415,S415,13,Long Staff-Spinnig 13,Bong Do Liki 14A/B,Weapons (Technique),Untrained,Long Staff-Spinnig 13,
Syllibus,416,S416,13,Long Staff-Spinnig 14,Bong Do Liki 15A/B,Weapons (Technique),Untrained,Long Staff-Spinnig 14,
Syllibus,417,S417,14,Long Staff-Form,Joong Bong Il Hyung Part 1,Weapons (Form),Untrained,Long Staff-Form,
Syllibus,418,S418,15,Long Staff-Form,Joong Bong Il Hyung Part 2,Weapons (Form),Untrained,Long Staff-Form,
Syllibus,419,S419,16,Sword Cutting Technique 1,Sword Cutting Technique 1,Weapons (Technique),Untrained,Sword Cutting Technique 1,
Syllibus,420,S420,16,Sword Cutting Technique 2,Sword Cutting Technique 2,Weapons (Technique),Untrained,Sword Cutting Technique 2,
Syllibus,421,S421,16,Sword Cutting Technique 3,Sword Cutting Technique 3,Weapons (Technique),Untrained,Sword Cutting Technique 3,
Syllibus,422,S422,16,Sword Cutting Technique 4,Sword Cutting Technique 4,Weapons (Technique),Untrained,Sword Cutting Technique 4,
Syllibus,423,S423,16,Sword Cutting Technique 5,Sword Cutting Technique 5,Weapons (Technique),Untrained,Sword Cutting Technique 5,
Syllibus,424,S424,16,Sword Cutting Technique 6,Sword Cutting Technique 6,Weapons (Technique),Untrained,Sword Cutting Technique 6,
,,,,,,,,,
Count,Count,Key,Rank,Name,Descriptiion,,,,
Glossary,425,G425,1,Huin ddi,White Belt,,,,
Glossary,426,G426,2,Huin ddi,Yellow Stripe,,,,
Glossary,427,G427,3,Norang ddi,Yellow Belt,,,,
Glossary,428,G428,4,Norang ddi,Blue Stripe,,,,
Glossary,429,G429,5,Cheong ddi,Blue Belt,,,,
Glossary,430,G430,6,Cheong ddi,Red Stripe,,,,
Glossary,431,G431,7,Hong ddi,Red Belt,,,,
Glossary,432,G432,8,Hong ddi,Brown Stripe,,,,
Glossary,433,G433,9,Ja ddi,Brown Belt,,,,
Glossary,434,G434,10,Ja ddi,1 Black Stripe,,,,
Glossary,435,G435,11,Dahnbo Nim,2 Black Stripes,,,,
Glossary,436,G436,12,Dahnbo Nim,3 Black Stripes,,,,
Glossary,437,G437,13,Dahnbo Nim,4 Black Stripes,,,,
Glossary,438,G438,14,Dahnbo Nim,5 Black Stripes,,,,
Glossary,439,G439,15,Dahnbo Nim,6 Black Stripes,,,,
Glossary,440,G440,16,Jyo Kyo Nim,,,,,
,,,,,,,,,
,,,,,,,,,
,,,,,,,,,
,,,,,,,,,
,,,,,,,,,
,,,,,,,,,
,,,,,,,,,
,,,,,,,,,
,,,,,,,,,
,,,,,,,,,
,,,,,,,,,
,,,,,,,,,
,,,,,,,,,
,,,,,,,,,
,,,,,,,,,
,,,,,,,,,
,,,,,,,,,
,,,,,,,,,
,,,,,,,,,
,,,,,,,,,
,,,,,,,,,
,,,,,,,,,
,,,,,,,,,
,,,,,,,,,
,,,,,,,,,
,,,,,,,,,
,,,,,,,,,
,,,,,,,,,
,,,,,,,,,
,,,,,,,,,
,,,,,,,,,
,,,,,,,,,
,,,,,,,,,
,,,,,,,,,
,,,,,,,,,
,,,,,,,,,
,,,,,,,,,
,,,,,,,,,
,,,,,,,,,
,,,,,,,,,
,,,,,,,,,
,,,,,,,,,
,,,,,,,,,
,,,,,,,,,
,,,,,,,,,
,,,,,,,,,
,,,,,,,,,
,,,,,,,,,
,,,,,,,,,
,,,,,,,,,
,,,,,,,,,
,,,,,,,,,
,,,,,,,,,
,,,,,,,,,
,,,,,,,,,
,,,,,,,,,
,,,,,,,,,
,,,,,,,,,
,,,,,,,,,
,,,,,,,,,
,,,,,,,,,
,,,,,,,,,
,,,,,,,,,
,,,,,,,,,
,,,,,,,,,
,,,,,,,,,
,,,,,,,,,
,,,,,,,,,
,,,,,,,,,
,,,,,,,,,
,,,,,,,,,
,,,,,,,,,
,,,,,,,,,
,,,,,,,,,
,,,,,,,,,
,,,,,,,,,
,,,,,,,,,
,,,,,,,,,
,,,,,,,,,
,,,,,,,,,
,,,,,,,,,
,,,,,,,,,
,,,,,,,,,
